viral_phage_gene_fraction,ratio.virus.bacteria,score
0.2045454545,0.2494024731,1
0.4375,6.9901335342,1
0.2222222222,0.0236686237,0
0.3913043478,2.446546737,1
0.4166666667,13.2812537149,1
0.2222222222,0.0254186674,0
0.2631578947,3.1773334246,1
0.3333333333,0.9320178046,1
0.3333333333,0.4660089023,0
0.4,117.434243374,1
0.2,1.3980267068,0
0.2222222222,0.294321412,0
0.3333333333,NA,0
0.4857142857,9.7861869478,1
0.1666666667,0.1337242937,0
0.1666666667,NA,0
0.1666666667,NA,0
0.1666666667,0.0850151376,0
0.1428571429,NA,0
0.125,2.7960534137,0
0.125,0.0282022679,0
0.125,0.0569261085,0
0.1176470588,0.3032484401,0
0.1111111111,0.3202184077,0
0.1111111111,0.4660089023,0
0.1,0.018156191,0
0.1,1.3980267068,0
0.0952380952,0.0441124932,0
0.0909090909,0.0522084662,0
0.0909090909,0.1240184982,0
0.0909090909,0.2796053414,0
0.0909090909,3.6698201054,0
0.0833333333,NA,0
0.0833333333,0.199718101,0
0.0769230769,0.0818465002,0
0.0769230769,0.2133830237,0
0.0740740741,0.195338488,0
0.0714285714,0.6138936462,0
0.0714285714,0.1526580887,0
0.0714285714,0.0391017247,0
0.0666666667,0.0487049438,0
0.064516129,0.2106024092,0
0.0555555556,0.0852455309,0
0.0526315789,0.3039188493,0
0.05,0.5025586201,0
0.05,0.3593146592,0
0.05,0.0432987571,0
0.0454545455,0.0793673428,0
0.0434782609,0.089427894,0
0.0384615385,0.193344119,0
0.0384615385,0.1666613118,0
0.037037037,0.0875793993,0
0.0357142857,0.3516784559,0
0.0277777778,0.1057198525,0
0.027027027,0.1564324238,0
0.0196078431,0.1277928217,0
0.0196078431,0.0630490035,0
0,NA,0
0,0.0533792015,0
0,NA,0
0,NA,0
0,0.8388160241,0
0,0.059692972,0
0,NA,0
0,0.032512249,0
0,0.0779155012,0
0,0.2271361909,0
0,0.127093337,0
0,1.3980267068,0
0,0.172359457,0
0,0.1316527392,0
0,0.1375108236,0
0,0.0202612566,0
0,0.031918418,0
0,0.1864035609,0
0,0.110118542,0
0,0.1093428709,0
0,0.0754198618,0
0,0.1224078683,0
0,0.0353717601,0
0,0.0463004156,0
0,0.1075405159,0
0,0.3495066767,0
0,0.1747533384,0
0,0.3423738874,0
0,0.0292961883,0
0,NA,0
0,NA,0
0,0.0744196726,0
0,0.4782433182,0
0,0.4172806987,0
0,0.269044708,0
0,0.4534573731,0
0,0.0872331935,0
0,0.1687273612,0
0,0.2621300075,0
0,0.6990133534,0
0,0.1211623146,0
0,0.1244818301,0
0,NA,0
0,0.0582511128,0
0,0.1310650038,0
0,0.0439481633,0
0,0.1979506842,0
0,0.1075405159,0
0,1.1438400329,0
0,0.2254881785,0
0,1.2981676563,0
0,NA,0
0,0.0645243095,0
0,NA,0
0,0.5533855715,0
0,0.0332863502,0
0,0.0523659488,0
0,0.1249632811,0
0,0.2695294732,0
0,0.0576818837,0
0,0.0520754934,0
0,0.0323243169,0
0,0.0982273667,0
0,0.0191510508,0
0,NA,0
0,0.1644737302,0
0,0.0466008902,0
0,NA,0
0,1.3980267068,0
0,0.0437738304,0
0,0.0773611616,0
0,0.0776681504,0
0,0.0567096874,0
0,5.6556534958,0
0,0.0380373011,0
0,0.0586937162,0
0,0.0768955591,0
0,NA,0
0,0.0491940658,0
0,0.1000048301,0
0,0.0760914801,0
0,0.1381904488,0
0,0.1555943345,0
0,0.1697026638,0
0,0.1121656914,0
0,NA,0
0,0.3106726015,0
0,0.5991543029,0
0,0.0810450265,0
0,NA,0
0,0.4660089023,0
0,0.0559210683,0
0,NA,0
0,0.0472181206,0
0,2.7960534137,0
0,0.0704887415,0
0,0.1697603858,0
0,0.127390284,0
0,0.0534764314,0
0,0.1704910618,0
0,0.104852003,0
0,0.1173716452,0
0,0.2040267402,0
0,0.2099802959,0
0,0.1067104433,0
0,1.2335529766,0
0,0.075689344,0
0,0.0640284326,0
0,0.0909285663,0
0,0.1923459563,0
0,2.7960534137,0
0,0.0845093864,0
0,0.4383749512,0
0,0.0555615523,0
0,0.2007706338,0
0,0.0432865412,0
0,0.0369522478,0
0,0.2236842731,0
0,0.053512984,0
0,NA,0
0,0.0711722687,0
0,0.1081346624,0
0,0.0927600659,0
0,0.0724902737,0
0,0.1473823336,0
0,0.0718611859,0
0,0.4660089023,0
0,0.1052907143,0
0,NA,0
0,0.226151379,0
0,0.1194618664,0
0,0.0381013568,0
0,0.152425399,0
0,0.3624513684,0
0,0.0928671242,0
0,0.1078080296,0
0,NA,0
0,0.1720648255,0
0,0.0625709438,0
0,0.018156191,0
0,0.147160706,0
0,0.0577166989,0
0,0.2796053414,0
0,0.0930100072,0
0,0.1029222115,0
0,0.0263778624,0
0,0.0422468755,0
0,0.0730560274,0
0,0.1562500437,0
0,0.1694577826,0
0,10.4852003012,0
0,0.1214463531,0
0,0.8896533589,0
0,0.035732312,0
0,0.3289474604,0
0,0.0171537019,0
0,NA,0
0,0.0372807122,0
0,0.6990133534,0
0,0.375080336,0
0,0.0954819463,0
0,0.1210889274,0
0,0.5658679528,0
0,0.1414669882,0
0,0.0829319669,0
0,0.0358468386,0
0,0.0704165786,0
0,0.04950043,0
0,NA,0
0,0.034484026,0
0,1.6601567144,0
0,NA,0
0,0.0269889326,0
0,0.2182285591,0
0,0.067255228,0
0,0.074313712,0
0,0.0989043751,0
0,NA,0
0,0.0880492678,0
0,0.0422279513,0
0,0.9184710341,0
0,0.0654964673,0
0,NA,0
0,0.0667197898,0
0,0.1075405159,0
0,0.5532854836,0
0,0.4660089023,0
0,2.5392729981,0
0,0.0517787669,0
0,0.0496760759,0
0,0.0932017805,0
0,0.1497885757,0
0,0.9428552209,0
0,0.056197734,0
0,NA,0
0,0.073960671,0
0,0.0478507225,0
0,0.9506581606,0
0,0.0581043845,0
0,0.1103251655,0
0,0.2123787002,0
0,0.0492696637,0
0,0.065944656,0
0,0.0785712684,0
0,NA,0
0,0.1021389375,0
0,0.0874620814,0
0,0.0332863502,0
0,0.0780451802,0
0,1.0096859549,0
0,0.19690517,0
0,0.0348417871,0
0,0.2119958531,0
0,0.0707500183,0
0,0.1729517575,0
0,0.2176019065,0
0,0.1092208365,0
0,0.0609326038,0
0,0.3106726015,0
0,0.8488019291,0
0,0.062068839,0
0,0.0632086543,0
0,0.125065637,0
0,0.0750837461,0
0,0.1060571984,0
0,0.0569793803,0
0,0.1391240169,0
0,NA,0
0,0.0647377306,0
0,NA,0
0,0.0615131751,0
0,0.7256170966,0
0,0.0340982124,0
0,0.0833685651,0
0,NA,0
0,0.0832158754,0
0,0.81085549,0
0,0.0501422931,0
0,NA,0
0,0.0581947225,0
0,0.0743631227,0
0,0.0747683304,0
0,NA,0
0,0.1463791241,0
0,0.0390446721,0
0,0.0530218897,0
0,NA,0
0,0.1013708608,0
0,0.0444226768,0
0,0.8093838829,0
0,0.0671052819,0
0,0.0677357454,0
0,0.131751208,0
0,0.0380078183,0
0,0.0048374627,0
0,NA,0
0,0.1233552977,0
0,0.4071922447,0
0,0.147160706,0
0,0.068625603,0
0,0.094152819,0
0,0.0422222831,0
0,0.0747274854,0
0,0.547032228,0
0,0.0469520272,0
0,NA,0
0,0.0613554041,0
0,0.1023603369,0
0,0.0666416876,0
0,0.0889173157,0
0,0.065024498,0
0,0.4660089023,0
0,0.0436883346,0
0,0.0453147296,0
0,0.1459704356,0
0,0.0683998747,0
0,0.0654743748,0
0,0.1841577349,0
0,NA,0
0,0.0147160706,0
0,0.0699013353,0
0,0.0720632323,0
0,0.1832171753,0
0,0.0745158489,0
0,0.0881304162,0
0,0.1692136072,0
0,0.5593409134,0
0,0.0741221818,0
0,0.169978657,0
0,0.0927983095,0
0,1.8570802524,0
0,0.5886428239,0
0,0.0865077299,0
0,0.1487998723,0
0,0.2258350834,0
0,0.102632913,0
0,2.0970400602,0
0,0.1920952727,0
0,0.152373483,0
0,0.2688512898,0
0,0.1150188476,0
0,0.1697734393,0
0,0.0686653589,0
0,0.0889653359,0
0,0.1216297544,0
0,0.0603842521,0
0,NA,0
0,0.1210530938,0
0,0.1029984744,0
0,0.4660089023,0
0,NA,0
0,0.0476379059,0
0,0.0597840368,0
0,0.166102183,0
0,0.088832947,0
0,NA,0
0,0.1640416626,0
0,0.0883511302,0
0,0.0553844713,0
0,0.0516936745,0
0,0.0991006273,0
0,0.0650330426,0
0,0.0822232599,0
0,0.0590433613,0
0,0.6382621929,0
0,0.3495066767,0
0,0.1083216819,0
0,0.0437913384,0
0,0.1027502925,0
0,0.1528174317,0
0,NA,0
0,0.162270957,0
0,0.0883121796,0
0,0.0756107159,0
0,0.0810035924,0
0,0.1821184216,0
0,0.0997494357,0
0,0.0398401393,0
0,0.1861009577,0
0,0.5385964834,0
0,0.053770258,0
0,0.0492146845,0
0,0.2478770757,0
0,0.1732068486,0
0,0.4465497453,0
0,0.0614747011,0
0,0.0700074072,0
0,0.1023844638,0
0,0.0703409664,0
0,0.1277733736,0
0,0.1469750533,0
0,0.0905786873,0
0,0.0649615508,0
0,0.1314894921,0
0,0.0535338186,0
0,0.0462602142,0
0,0.0460064252,0
0,0.0654864107,0
0,0.115235897,0
0,0.059654271,0
0,0.196728309,0
0,0.1260819842,0
0,0.0443015694,0
0,0.0725117587,0
0,NA,0
0,0.1446234524,0
0,0.7838035332,0
0,0.1245878513,0
0,0.0911261297,0
0,0.2884817014,0
0,0.0509250526,0
0,0.1141246291,0
0,0.0655427429,0
0,0.150640087,0
0,0.1045253613,0
0,0.0872498525,0
0,NA,0
0,0.6452430955,0
0,0.1147889575,0
0,0.0713278932,0
0,0.6943086939,0
0,0.1385974752,0
0,0.0774083038,0
0,0.1553363008,0
0,0.06315178,0
0,0.0726457296,0
0,0.1182119018,0
0,0.0516955213,0
0,0.0767256797,0
0,0.0861586525,0
0,0.1358696032,0
0,0.1168986843,0
0,0.2084251571,0
0,0.3216698617,0
0,0.1134460287,0
0,0.6649546981,0
0,0.1437494438,0
0,1.0485200301,0
0,0.5492247777,0
0,0.1038709991,0
0,0.0510299005,0
0,0.1277482322,0
0,0.0611524272,0
0,0.0904777201,0
0,0.1816100441,0
0,0.8275713126,0
0,0.2066690066,0
0,0.2712249768,0
0,0.0635259693,0
0,0.1554691804,0
0,0.1195934542,0
0,0.0525479879,0
0,0.166687374,0
0,0.1585881799,0
0,0.1539714055,0
0,0.1480312838,0
0,0.8343542367,0
0,0.1520211968,0
0,0.1354460965,0
0,0.1478861185,0
0,0.1905542475,0
0,0.1525710261,0
0,0.15876264,0
0,0.1372374841,0
0,0.1030362011,0
0,0.1954867853,0
0,0.1049870967,0
0,0.0922427586,0
0,0.159054186,0
0,0.1693763126,0
0,0.1051835599,0
0,0.1462875842,0
0,0.4542787011,0
0,0.268547503,0
0,0.8318258906,0
0,0.4298050234,0
0,1.2981676563,0
0,0.200383828,0
0,0.1298900119,0
0,1.3509022111,0
0,0.0567726581,0
0,0.2446546737,0
0,0.209704006,0
0,0.1449805474,0
0,NA,0
0,0.1561248099,0
0,0.2805231268,0
0,0.1955921256,0
0,0.2014469166,0
0,0.23465877,0
0,0.2163290842,0
0,0.2289989719,0
0,0.2964654387,0
0,0.3721063566,0
0,0.2108465241,0
0,0.1956197678,0
0,0.1373339298,0
0,0.1619554267,0
0,0.2111753094,0
0,0.1482198557,0
0,0.2038020463,0
0,0.1587779808,0
0,0.2271686646,0
0,0.1827950849,0
0,0.5608602718,0
0,0.4933394443,0
0,0.2595417303,0
0,0.1118179597,0
0,0.5323566948,0
0,0.441389564,0
0,0.4028212545,0
0,1.0073571109,0
0,0.1296812104,0
0,0.2178127977,0
0,0.8778307229,0
0,0.1224038392,0
0,0.8277789712,0
0,0.1963685311,0
0,0.189909584,0
0,0.2046074212,0
0,0.3911242347,0
0,0.2454067266,0
0,0.1118421365,0
0,0.485352668,0
0,0.0148410478,0
0,0.129529631,0
0,0.4064031125,0
0,0.1240522202,0
0,1.0779964968,0
0,0.1835792645,0
0,0.2796053414,0
0,0.0966377908,0
0,0.2753688968,0
0,0.1978023398,0
0,0.3390958395,0
0,0.6354666849,0
0,0.3610015423,0
0,0.2558711364,0
0,0.228299501,0
0,0.1863338513,0
0,0.3551752672,0
0,0.2430821977,0
0,0.1909920924,0
0,0.2971197699,0
0,0.3191026641,0
0,0.3858825998,0
0,0.5228184202,0
0,0.244019207,0
0,0.1774518149,0
0,0.277364016,0
0,0.2872007326,0
0,0.2370449908,0
0,1.2426904061,0
0,0.148948083,0
0,1.3252128159,0
0,0.9033403336,0
0,0.4368833459,0
0,0.1864035609,0
0,1.2426904061,0
0,3.229923771,0
0,0.1405051967,0
0,0.4539047749,0
0,0.7456142436,0
0,0.2026633359,0
0,0.1858894562,0
0,0.1792420855,0
0,0.7082097666,0
0,0.132993781,0
0,0.1660597693,0
0,0.1770282339,0
0,0.274304122,0
0,0.1609211343,0
0,0.1411854144,0
0,0.1293960112,0
0,0.3716593998,0
0,0.1651533737,0
0,0.1042111882,0
0,0.2690977163,0
0,0.7345564053,0
0,0.449063124,0
0,0.2264716161,0
0,0.1291027178,0
0,0.5325816026,0
0,0.0966377908,0
0,0.0932017805,0
0,0.061519327,0
0,0.0186818714,0
0,0.1476323212,0
0,0.1291623292,0
0,0.1361706838,0
0,0.1549077159,0
0,0.4509128392,0
0,0.1340635703,0
0,0.1647283335,0
0,0.1460702228,0
0,0.0935109074,0
0,2.2659291926,0
0,0.1719696569,0
0,0.1335841005,0
0,0.1470601864,0
0,0.154815038,0
0,0.2055921628,0
0,0.1463051205,0
0,0.0272121987,0
0,2.2150553017,0
0,0.858272288,0
0,0.0646724953,0
0,0.1523890718,0
0,0.1138838546,0
0,0.1008767742,0
0,0.0581933813,0
0,0.0786608525,0
0,0.1638712623,0
0,0.0572555278,0
0,0.4099893381,0
0,0.1230481447,0
0,0.1049090188,0
0,0.1016007781,0
0,0.09994829,0
0,0.7394343261,0
0,0.0427587956,0
0,0.0517787669,0
0,0.0333999555,0
0,0.1073753231,0
0,0.1673090306,0
0,0.2164246738,0
0,0.3176721737,0
0,0.2062428858,0
0,0.1537500593,0
0,0.1552828011,0
0,0.1940430511,0
0,0.1897975884,0
0,0.1429439799,0
0,0.1766243591,0
0,0.2054447849,0
0,0.1086186163,0
0,0.1462079723,0
0,0.0867740715,0
0,NA,0
0,0.1304446826,0
0,0.2924239244,0
0,0.0453414067,0
0,0.0576199268,0
0,0.0885610798,0
0,0.2765157796,0
0,0.0310257264,0
0,0.0797002281,0
0,0.5977554496,0
0,0.0492394605,0
0,0.0760584478,0
0,0.0077453003,0
0,0.2214695773,0
0,0.008159689,0
0,0.2265781129,0
0,0.1371147554,0
0,0.1441142866,0
0,0.1619208838,0
0,0.0977433926,0
0,0.3970888785,0
0,0.1436707288,0
0,0.1572352775,0
0,0.1117331286,0
0,0.1324178302,0
0,0.1303015183,0
0,0.2101997602,0
0,0.1727515331,0
0,0.2230173055,0
0,0.0762015052,0
0,0.5119534419,0
0,0.0926299904,0
0,0.1304214767,0
0,0.0706506605,0
0,0.0576081645,0
0,0.3156834499,0
0,0.1153109963,0
0,0.0889369668,0
0,5.2876977863,0
0,0.0383604889,0
0,0.0932017805,0
0,0.0746519115,0
0,0.0636896306,0
0,0.1165022256,0
0,0.16868752,0
0,0.0681393354,0
0,0.0701375499,0
0,0.1209906966,0
0,0.0717441539,0
0,0.0708938492,0
0,0.070075151,0
0,0.0964826213,0
0,0.0560106854,0
0,0.7572644662,0
0,0.0497488394,0
0,0.236740892,0
0,0.1162194532,0
0,0.0722575601,0
0,0.1016145172,0
0,0.0280808808,0
0,0.0558195781,0
0,0.0494251866,0
0,0.0253528159,0
0,0.0802266519,0
0,0.0798643457,0
0,0.0745799535,0
0,0.0665247027,0
0,0.0271681303,0
0,0.0853072858,0
0,0.082277881,0
0,0.0729230069,0
0,0.2516995245,0
0,0.5337649069,0
0,0.1931946454,0
0,0.1254639352,0
0,0.1034231308,0
0,NA,0
0,0.0383021016,0
0,0.0805642509,0
0,0.1174419445,0
0,0.1039320305,0
0,0.1112267643,0
0,0.0814563412,0
0,0.4538097164,0
0,0.0881428112,0
0,0.1316180207,0
0,0.2562508349,0
0,0.4432767607,0
0,0.4405217777,0
0,0.1410113393,0
0,0.9400524408,0
0,0.1035892416,0
0,0.1520159151,0
0,0.1079121997,0
0,0.0764163161,0
0,NA,0
0,0.3478960469,0
0,0.0609203923,0
0,0.1179745325,0
0,0.0844341538,0
0,0.0896419262,0
0,0.0760256215,0
0,0.0827551258,0
0,0.0937804621,0
0,0.039414825,0
0,0.0570728078,0
0,0.0701485954,0
0,0.0415672224,0
0,0.1918222691,0
0,0.0701106208,0
0,0.0565378448,0
0,0.1007427589,0
0,0.0789058898,0
0,0.097605235,0
0,0.0705081679,0
0,0.1230500707,0
0,0.0818827012,0
0,0.127093337,0
0,0.7095277604,0
0,0.0350650101,0
0,0.0709258194,0
0,0.4309820894,0
0,0.254186674,0
0,0.1064836067,0
0,0.0646486338,0
0,0.0594904982,0
0,0.0980533127,0
0,0.0727857231,0
0,0.0866621673,0
0,0.2861678732,0
0,0.2052401817,0
0,0.0722645561,0
0,0.0906086049,0
0,0.3156834499,0
0,0.1093167444,0
0,0.109931289,0
0,0.1130624936,0
0,0.0743834128,0
0,0.0679970696,0
0,0.0782289312,0
0,0.1335052531,0
0,0.087339023,0
0,0.0540919787,0
0,0.0550704748,0
0,0.1008285558,0
0,0.0841089238,0
0,0.109833748,0
0,0.0877881763,0
0,0.0743037236,0
0,0.0712526793,0
0,0.0462582366,0
0,0.1129325195,0
0,0.2449097881,0
0,NA,0
0,0.0020156925,0
0,0.0042943186,0
0,0.0100332974,0
0,0.0011199146,0
0,0.0196733774,0
0,0.0056589362,0
0,0.0366477796,0
0,0.0079923777,0
0,0.0051574108,0
0,0.0064171718,0
0,0.0256934638,0
0,0.0022268664,0
0,0.0052822168,0
0,NA,0
0,0.0317260525,0
0,0.0082202326,0
0,0.0090780955,0
0,0.0027269702,0
0,0.006682728,0
0,0.0029745249,0
0,NA,0
0,2.1461692355,0
0,0.4297479309,0
0,0.1690237207,0
0,0.193985703,0
0,0.1239582072,0
0,0.2044932082,0
0,0.1367698626,0
0,0.168518438,0
0,0.1279256746,0
0,0.1732930041,0
0,0.1071358133,0
0,0.308678554,0
0,0.091439099,0
0,0.1348578817,0
0,0.1481352802,0
0,0.2157021404,0
0,0.0687165669,0
0,0.2837514817,0
0,0.3400605503,0
0,0.1410095088,0
0,0.199718101,0
0,0.1069872528,0
0,0.187109635,0
0,0.2467105953,0
0,21.8371771607,0
0,NA,0
0,0.3495066767,0
0,0.1214248548,0
0,0.0973415954,0
0,0.080024977,0
0,0.0729893461,0
0,NA,0
0,0.1445704185,0
0,0.2995771515,0
0,0.0985059468,0
0,NA,0
0,0.1148014632,0
0,0.1044169325,0
0,0.0873766692,0
0,0.2874264698,0
0,NA,0
0,0.0951398137,0
0,0.0960227889,0
0,0.032894746,0
0,1.0883261723,0
0,NA,0
0,0.2354571296,0
0,0.8987314544,0
0,0.097298562,0
0,0.3106726015,0
0,0.1431714097,0
0,0.2184416729,0
0,0.5592106827,0
0,0.1195107425,0
0,0.0617039506,0
0,0.1467744574,0
0,0.1963032319,0
0,0.0519955746,0
0,0.1742582864,0
0,0.1083741633,0
0,1.9894995443,0
0,0.2930361656,0
0,0.6379345167,0
0,0.0916738824,0
0,0.1187003808,0
0,0.0640122119,0
0,0.0780490202,0
0,0.0597258245,0
0,0.1096949169,0
0,0.1030966929,0
0,0.2651429961,0
0,0.0984309233,0
0,0.129826527,0
0,0.0777881939,0
0,0.1067937068,0
0,0.091831166,0
0,0.075383793,0
0,0.1343706651,0
0,0.1201429201,0
0,0.1789861182,0
0,0.175184119,0
0,0.0479561734,0
0,0.073283658,0
0,0.3168860535,0
0,0.0686268369,0
0,0.1327940935,0
0,0.1189809963,0
0,1.0950683234,0
0,1.0614906891,0
0,0.6734396941,0
0,1.485403376,0
0,0.0478776269,0
0,0.3221259693,0
0,0.1103705295,0
0,0.0898474747,0
0,0.2460945888,0
0,0.1612720066,0
0,0.0399436202,0
0,0.1553363008,0
0,0.0755690112,0
0,0.0741122592,0
0,0.0580094069,0
0,0.2651429961,0
0,0.1567880419,0
0,0.3106726015,0
0,0.0365156229,0
0,0.0898330414,0
0,0.0776681504,0
0,0.2980564553,0
0,0.2245006391,0
0,0.9320178046,0
0,0.0440819232,0
0,0.0817559478,0
0,0.0625133893,0
0,0.1118421365,0
0,0.147160706,0
0,NA,0
0,NA,0
0,0.0341502707,0
0,0.096415635,0
0,0.0885293957,0
0,0.11351642,0
0,0.2162870797,0
0,0.1037610573,0
0,0.1068410654,0
0,0.1157747575,0
0,0.2308429998,0
0,0.1749430814,0
0,0.1252712103,0
0,0.3477731449,0
0,0.2083365461,0
0,0.109943119,0
0,0.2615939543,0
0,0.4588257207,0
0,0.1206309639,0
0,0.1844302333,0
0,0.1110562004,0
0,0.071142626,0
0,0.1036225825,0
0,0.1828642528,0
0,0.1431795468,0
0,0.2593114053,0
0,0.3176218571,0
0,0.294321412,0
0,0.1113812486,0
0,0.106307402,0
0,0.2586859636,0
0,0.0596668185,0
0,1.6051417745,0
0,0.2297394206,0
0,0.8861997356,0
0,0.5869577777,0
0,0.308655247,0
0,0.1867227451,0
0,0.4133296351,0
0,0.0951536502,0
0,0.2754934981,0
0,0.1724599875,0
0,0.1035575338,0
0,0.6528230437,0
0,0.1327240544,0
0,0.276445959,0
0,NA,0
0,0.3637606195,0
0,0.419408012,0
0,NA,0
0,0.273298454,0
0,0.1433873545,0
0,0.2330044511,0
0,0.1803905428,0
0,0.1331454007,0
0,0.1644737302,0
0,0.0844928271,0
0,0.0927893832,0
0,0.0388340752,0
0,0.36505145,0
0,0.2496476262,0
0,0.1803905428,0
0,NA,0
0,0.1165022256,0
0,0.1440296271,0
0,0.0569332143,0
0,0.1521063873,0
0,NA,0
0,0.5976297373,0
0,0.3106726015,0
0,0.194749989,0
0,NA,0
0,0.259810273,0
0,0.0388340752,0
0,0.2621300075,0
0,0.0892357472,0
0,0.188922528,0
0,0.088482703,0
0,0.254186674,0
0,0.0865228255,0
0,0.9320178046,0
0,NA,0
0,0.1553363008,0
0,0.4660089023,0
0,0.6990133534,0
0,0.0588642824,0
0,0.1747533384,0
0,0.2796053414,0
0,0.0641296655,0
0,0.0873766692,0
0,0.1553363008,0
0,0.1346594286,0
0,0.0676878644,0
0,0.1056505244,0
0,0.2597251451,0
0,0.0829670055,0
0,0.0765089243,0
0,0.0410256144,0
0,0.1241105342,0
0,0.0581541891,0
0,0.0769652712,0
0,0.2588938346,0
0,0.0552468692,0
0,0.0875245146,0
0,0.0818547235,0
0,0.0622883186,0
0,0.3023581363,0
0,0.2647151161,0
0,0.1415006788,0
0,0.1226924931,0
0,0.042702011,0
0,0.0917257342,0
0,0.7037914905,0
0,0.030465473,0
0,0.1314975615,0
0,0.2330044511,0
0,0.098452585,0
0,0.0405225132,0
0,0.0566767584,0
0,0.0755690112,0
0,0.1357307482,0
0,0.1910971758,0
0,0.0896170966,0
0,0.0870901883,0
0,0.1325143798,0
0,0.3474791949,0
0,0.0731139165,0
0,0.0482078175,0
0,0.0881638464,0
0,0.0575815598,0
0,0.0523392948,0
0,NA,0
0,0.6267016272,0
0,0.1118421365,0
0,0.0649083828,0
0,NA,0
0,0.0438596614,0
0,0.1133535168,0
0,0.0378697979,0
0,NA,0
0,0.3206483273,0
0,0.0379554762,0
0,0.162561245,0
0,0.8977524441,0
0,0.0448564719,0
0,0.394315225,0
0,0.0686945394,0
0,0.4111843255,0
0,0.0411184326,0
0,0.0617230334,0
0,0.1251964215,0
0,NA,0
0,0.3289474604,0
0,NA,0
0,4.1940801205,0
0,0.4236444566,0
0,0.2796053414,0
0,0.2045892742,0
0,0.188922528,0
0,0.1588666712,0
0,0.0830510915,0
0,0.0985059468,0
0,NA,0
0,0.4660089023,0
0,0.0873766692,0
0,NA,0
0,0.1701827796,0
0,0.1836481882,0
0,0.1083576931,0
0,0.1077923251,0
0,0.1742826676,0
0,0.0925336673,0
0,0.1193384893,0
0,0.1519469126,0
0,0.3288379281,0
0,0.192599055,0
0,0.0821748931,0
0,0.118578174,0
0,0.1384011402,0
0,0.1525474119,0
0,0.2537284047,0
0,0.0890709536,0
0,0.1808955241,0
0,0.085573165,0
0,0.0707163285,0
0,0.2548486184,0
0,0.174125482,0
0,0.1373427996,0
0,0.0940556187,0
0,0.1178924669,0
0,0.2112959619,0
0,0.0995801146,0
0,0.1927641281,0
0,0.085048694,0
0,0.0923533897,0
0,0.2208572997,0
0,0.7699430373,0
0,0.1433370079,0
0,0.0597689683,0
0,0.1224930036,0
0,0.2381067384,0
0,0.0822368651,0
0,0.2040597988,0
0,0.409378245,0
0,0.0689572774,0
0,0.584249967,0
0,0.14649027,0
0,0.0796920761,0
0,0.2597800238,0
0,0.3336200096,0
0,0.1368594566,0
0,0.6891680949,0
0,0.227635685,0
0,0.2549860031,0
0,0.1015867157,0
0,0.1363928494,0
0,0.3519854475,0
0,0.0719149541,0
0,0.1227996432,0
0,0.290499056,0
0,0.0715944473,0
0,0.5825111278,0
0,0.1241490898,0
0,0.1075405159,0
0,0.1848630356,0
0,0.0757395959,0
0,0.1351656026,0
0,0.3075658755,0
0,0.2621300075,0
0,0.1398026707,0
0,0.2330044511,0
0,0.0956982567,0
0,0.0729405238,0
0,0.2452678433,0
0,1.0485200301,0
0,0.0526729058,0
0,0.0981071373,0
0,0.0665727003,0
0,0.3638931501,0
0,0.1677632048,0
0,0.0868339569,0
0,18.1743471888,0
0,NA,0
0,0.2621300075,0
0,0.3558613436,0
0,0.0559210683,0
0,0.0970239355,0
0,17.6500871738,0
0,0.3281083087,0
0,0.1304824926,0
0,0.1979506842,0
0,0.1457000538,0
0,0.053770258,0
0,NA,0
0,0.127093337,0
0,0.4317435418,0
0,0.1446234524,0
0,0.2588938346,0
0,0.3495066767,0
0,0.5377025796,0
0,NA,0
0,0.1020152364,0
0,0.0798835532,0
0,0.117598122,0
0,0.2353241182,0
0,0.4542818534,0
0,0.0805751763,0
0,0.366499774,0
0,0.0966393644,0
0,0.1641928371,0
0,0.554405244,0
0,0.1543888241,0
0,0.2334676807,0
0,0.1028969608,0
0,0.0811414169,0
0,0.0931004466,0
0,0.0982164068,0
0,0.0775143521,0
0,0.2838787854,0
0,0.2658823798,0
0,1.1267677936,0
0,0.1607312142,0
0,0.1092208365,0
0,0.2567804155,0
0,0.2243102552,0
0,0.1781978851,0
0,0.1035291308,0
0,0.1251320201,0
0,0.1036738906,0
0,0.0733086382,0
0,0.1233788612,0
0,0.1725958897,0
0,0.1049848953,0
0,0.10627964,0
0,0.0236286204,0
0,0.7649067405,0
0,0.1822823937,0
0,0.4416064091,0
0,0.6713687575,0
0,0.3404285812,0
0,NA,0
0,0.1250528476,0
0,0.0624548013,0
0,0.1952551267,0
0,0.7289710686,0
0,0.0897129438,0
0,0.1002568953,0
0,0.1211161751,0
0,0.740131786,0
0,0.2240427415,0
0,0.3321980771,0
0,0.3332505522,0
0,0.2224133397,0
0,0.0901952714,0
0,0.1593192828,0
0,0.1864035609,0
0,0.1181128554,0
0,0.0805102363,0
0,0.1553363008,0
0,3.4950667671,0
0,0.399436202,0
0,0.5150624709,0
0,0.0918621245,0
0,0.5196205459,0
0,0.3323979583,0
0,0.1387747099,0
0,0.1165022256,0
0,0.2918211087,0
0,NA,0
0,0.5083733479,0
0,NA,0
0,NA,0
0,0.2796053414,0
0,0.2330044511,0
0,1.6522133808,0
0,0.5991543029,0
0,NA,0
0,0.1398026707,0
0,NA,0
0,0.2920406194,0
0,0.0973459517,0
0,0.1978087501,0
0,0.1535920085,0
0,0.2160205067,0
0,0.0703812072,0
0,0.5054812113,0
0,0.3291739303,0
0,0.0524424721,0
0,0.075181974,0
0,0.0738756588,0
0,0.1910971758,0
0,0.1012704858,0
0,0.0740590356,0
0,0.1008690881,0
0,0.1065800265,0
0,0.0955915697,0
0,0.0402905447,0
0,0.0478542149,0
0,0.0624380385,0
0,0.0693677374,0
0,0.1526230029,0
0,0.0585396145,0
0,0.0847760284,0
0,0.0360316162,0
0,0.1353681953,0
0,0.248195313,0
0,0.011822636,0
0,0.036669553,0
0,0.0594098148,0
0,0.0937083119,0
0,0.1780925741,0
0,0.0470228905,0
0,0.0527214233,0
0,0.2796053414,0
0,0.0690140123,0
0,0.127093337,0
0,0.0605444637,0
0,0.102045745,0
0,0.1937858802,0
0,0.1413734872,0
0,0.1240184982,0
0,0.5177876692,0
0,0.0871748755,0
0,0.3039188493,0
0,0.0897815316,0
0,0.0972248789,0
0,0.0699013353,0
0,0.0901334091,0
0,0.1846450368,0
0,0.7766815038,0
0,NA,0
0,0.1497885757,0
0,0.0417321405,0
0,0.2621300075,0
0,0.1891778287,0
0,0.1129244798,0
0,0.2345169501,0
0,0.1882864252,0
0,0.3920837953,0
0,0.2776223248,0
0,0.4230035422,0
0,0.1299198766,0
0,0.2478770757,0
0,0.1658589917,0
0,0.1305305039,0
0,0.13624655,0
0,0.0949178086,0
0,0.4805079639,0
0,0.0826677469,0
0,0.1147883714,0
0,0.0849375832,0
0,0.0942715283,0
0,0.0756522777,0
0,0.0890810255,0
0,0.0771495492,0
0,0.330208762,0
0,0.2370922485,0
0,0.1140263023,0
0,0.36921855,0
0,0.1457402358,0
0,0.1207071891,0
0,0.339881708,0
0,0.088470049,0
0,0.1566754068,0
0,0.124000799,0
0,0.1665360967,0
0,0.219298307,0
0,0.2210832932,0
0,0.2252102882,0
0,0.1071264207,0
0,0.1929479959,0
0,0.2164309128,0
0,0.1310650038,0
0,0.425486389,0
0,0.8360691849,0
0,0.1512151336,0
0,0.2101608775,0
0,0.3508315693,0
0,0.1288853255,0
0,0.0737387606,0
0,0.1319889262,0
0,0.1145693078,0
0,0.1276594543,0
0,0.1104301846,0
0,0.0738023148,0
0,3.7699596589,0
0,0.5048429775,0
0,0.0980059959,0
0,0.0942203791,0
0,0.3053941835,0
0,0.1267835044,0
0,0.1452914591,0
0,0.1833477648,0
0,0.1263601062,0
0,0.163320877,0
0,0.1733378908,0
0,0.1693530498,0
0,0.6376963926,0
0,0.1801138702,0
0,0.1920767128,0
0,0.2727856989,0
0,0.162561245,0
0,0.1214597671,0
0,0.2158717709,0
0,0.2837785554,0
0,0.085184423,0
0,0.4592223649,0
0,0.0609309461,0
0,0.1901316321,0
0,0.7527836114,0
0,0.3417398617,0
0,0.147160706,0
0,0.0859497687,0
0,0.2987236553,0
0,0.1763276928,0
0,0.0928759001,0
0,0.1082542804,0
0,0.2522213131,0
0,0.3106726015,0
0,1.8719340651,0
0,0.0998590505,0
0,0.0977743104,0
0,0.2396617212,0
0,0.0411184326,0
0,0.1408268661,0
0,0.1720648255,0
0,0.1221576734,0
0,0.2796053414,0
0,0.3974781814,0
0,0.0927600659,0
0,0.2878290279,0
0,0.5609366416,0
0,0.1779306718,0
0,1.3980267068,0
0,0.091857524,0
0,0.0993133726,0
0,0.6040856141,0
0,0.4448266794,0
0,0.07103138,0
0,0.2853115728,0
0,NA,0
0,0.062832661,0
0,0.1006579229,0
0,0.9320178046,0
0,0.0648569091,0
0,2.1508103182,0
0,0.0936930549,0
0,0.8896533589,0
0,5.4057032664,0
0,0.0989753421,0
0,0.4660089023,0
0,0.0900500294,0
0,11.6835089071,0
0,0.2750216472,0
0,NA,0
0,0.7625600219,0
0,0.2467105953,0
0,NA,0
0,0.4951344587,0
0,0.9320178046,0
0,0.1242690406,0
0,0.0803463625,0
0,3.2620623159,0
0,0.1906400055,0
0,0.1208171228,0
0,0.2330044511,0
0,24.4654673696,0
0,0.2796053414,0
0,0.4660089023,0
0,0.0746277602,0
0,0.0614517234,0
0,0.6354666849,0
0,0.4279673592,0
0,0.199718101,0
0,0.1747533384,0
0,0.1106871403,0
0,0.0393384138,0
0,0.1833477648,0
0,0.2912555639,0
0,0.1103705295,0
0,0.4660089023,0
0,0.026885129,0
0,0.2525818042,0
0,0.0760584478,0
0,0.4766000137,0
0,0.2569432646,0
0,0.1074743778,0
0,0.2434307204,0
0,0.2811825264,0
0,0.119629264,0
0,0.1330268736,0
0,0.1245494751,0
0,0.3327821169,0
0,0.1465210313,0
0,0.1953286922,0
0,0.298108636,0
0,0.2743356176,0
0,0.154716814,0
0,0.1124769759,0
0,0.1141899677,0
0,0.1408231281,0
0,0.231574976,0
0,0.118472234,0
0,0.2163990499,0
0,0.0738535627,0
0,3.9021844345,0
0,0.2242736052,0
0,0.1297520367,0
0,0.1754355879,0
0,0.1523116718,0
0,0.3522586978,0
0,0.1891166264,0
0,0.0921471634,0
0,0.194867503,0
0,0.2960527144,0
0,0.2128229632,0
0,0.2545426777,0
0,0.1557662974,0
0,0.1803905428,0
0,0.1460624918,0
0,0.1541131803,0
0,0.3119253136,0
0,0.3809724279,0
0,0.0993750809,0
0,0.2438418675,0
0,0.1301761957,0
0,0.2116415697,0
0,0.1399192701,0
0,0.4029247277,0
0,0.0244410263,0
0,0.2033141333,0
0,0.3122678395,0
0,0.1499986579,0
0,0.9806796678,0
0,0.1781269549,0
0,0.096867019,0
0,0.162561245,0
0,0.3047384058,0
0,0.3666955297,0
0,1.0916098944,0
0,0.1870269842,0
0,0.2583310219,0
0,0.1195381142,0
0,0.1308818668,0
0,0.7305004414,0
0,0.1480263572,0
0,0.1742408652,0
0,0.2010860332,0
0,0.1062827321,0
0,1.9894995443,0
0,0.1181745063,0
0,0.1284773547,0
0,0.1290486191,0
0,0.3528999454,0
0,0.0700472671,0
0,0.0653324764,0
0,0.5150624709,0
0,0.1936234171,0
0,0.2191680823,0
0,0.4534140671,0
0,1.159844379,0
0,0.1230966912,0
0,1.1569876194,0
0,0.1092524489,0
0,0.2727856989,0
0,0.1566754068,0
0,0.1852186604,0
0,0.1006579229,0
0,3.0980271823,0
0,0.1764113397,0
0,0.6790415433,0
0,0.4414821179,0
0,0.1891297556,0
0,0.517078371,0
0,0.3824790047,0
0,0.2841517697,0
0,0.0581043845,0
0,0.4042486863,0
0,0.3237535532,0
0,0.6813168128,0
0,0.6078376986,0
0,0.6241190656,0
0,1.0754051591,0
0,0.1398026707,0
0,0.1941703759,0
0,2.446546737,0
0,0.8065538693,0
0,0.2839741748,0
0,0.1328273782,0
0,0.5892672682,0
0,0.3547231943,0
0,0.4484236607,0
0,0.4448266794,0
0,0.1173169264,0
0,0.2022302783,0
0,0.3106726015,0
0,0.077132508,0
0,0.1861502952,0
0,0.912600767,0
0,0.4111843255,0
0,0.1356294566,0
0,0.0913955444,0
0,0.0776681504,0
0,0.3025580186,0
0,1.3980267068,0
0,0.6553250188,0
0,1.1692587003,0
0,0.036312382,0
0,0.0810161066,0
0,0.4934211906,0
0,2.7960534137,0
0,0.0755690112,0
0,0.1118421365,0
0,0.209704006,0
0,0.1747533384,0
0,NA,0
0,1.2212850246,0
0,0.1727898177,0
0,0.0310672602,0
0,NA,0
0,0.2201616861,0
0,NA,0
0,0.0482078175,0
0,0.399436202,0
0,0.4279673592,0
0,0.065944656,0
0,0.1877946323,0
0,3.3952077166,0
0,0.3328635016,0
0,6.6406268575,0
0,1.1983086059,0
0,0.0807966398,0
0,0.5150624709,0
0,0.0810450265,0
0,0.4660089023,0
0,0.199718101,0
0,0.0822368651,0
0,0.1613107739,0
0,0.1525120044,0
0,0.7988724039,0
0,0.2705858142,0
0,0.4992952524,0
0,0.2215220483,0
0,0.8896533589,0
0,0.1055114496,0
0,NA,0
0,0.1455807463,0
0,0.1612130582,0
0,0.1225848413,0
0,0.1126558572,0
0,0.4095951191,0
0,0.0856285224,0
0,0.12627338,0
0,0.1750450802,0
0,0.2151851369,0
0,0.1327045218,0
0,0.2323156711,0
0,0.4301620636,0
0,0.2206011724,0
0,0.2139922764,0
0,0.2669910751,0
0,0.2115544167,0
0,0.1151187806,0
0,0.1518798647,0
0,0.4114690792,0
0,0.3525480923,0
0,0.1865818114,0
0,0.2082944944,0
0,0.2484123028,0
0,0.2066780107,0
0,0.2231454442,0
0,0.2142426312,0
0,0.2035178688,0
0,0.0923626571,0
0,0.2406741171,0
0,0.2324483546,0
0,0.2186334212,0
0,0.1464599407,0
0,0.8282899458,0
0,0.4718340136,0
0,0.6364151427,0
0,0.2002578796,0
0,0.1174730774,0
0,0.1098588441,0
0,0.353821574,0
0,0.3535944741,0
0,0.2703215703,0
0,0.1967372338,0
0,0.3939012892,0
0,2.9334865476,0
0,0.2822938543,0
0,0.1383571482,0
0,0.7477817269,0
0,0.2142137696,0
0,2.7606603325,0
0,0.2475672293,0
0,0.367901765,0
0,0.2286735134,0
0,0.4317435418,0
0,2.5017320017,0
0,0.0822368651,0
0,0.2796053414,0
0,0.1169503111,0
0,0.1075405159,0
0,1.0597944391,0
0,0.5592106827,0
0,0.1021118141,0
0,0.0969936663,0
0,0.2254306927,0
0,0.2182073178,0
0,0.0987509262,0
0,0.1029865285,0
0,0.1919812256,0
0,0.1203886458,0
0,0.1488973307,0
0,0.1064722326,0
0,0.076803549,0
0,0.1251515911,0
0,0.1833147411,0
0,0.2046266872,0
0,0.0980497151,0
0,0.5510969314,0
0,0.1571305006,0
0,0.3682973583,0
0,0.4368833459,0
0,0.1165459741,0
0,0.1491654951,0
0,0.0923385155,0
0,0.1501765285,0
0,0.2875084163,0
0,0.1886767751,0
0,0.1583269204,0
0,0.1022366469,0
0,0.1255854499,0
0,0.2754668719,0
0,0.1553363008,0
0,0.2447906685,0
0,0.1421284083,0
0,0.4050867629,0
0,0.1594240981,0
0,0.0985788063,0
0,0.4934211906,0
0,0.1574812061,0
0,0.096211063,0
0,0.0711815796,0
0,0.1979928707,0
0,0.2027083641,0
0,0.115054993,0
0,0.1295923633,0
0,0.203836,0
0,0.1601905602,0
0,0.1087354105,0
0,0.1116071741,0
0,0.1339106041,0
0,0.1064008765,0
0,0.1172737635,0
0,0.2632449915,0
0,0.084418813,0
0,0.1502552068,0
0,0.2847832181,0
0,0.0809499032,0
0,0.0842184763,0
0,0.1387354747,0
0,0.1532924021,0
0,0.0791335872,0
0,0.0844399959,0
0,0.1117275442,0
0,0.3996461001,0
0,0.1497412492,0
0,0.1711869437,0
0,0.9025235702,0
0,0.120063429,0
0,0.1063287918,0
0,0.1141246291,0
0,0.1628768979,0
0,0.149196526,0
0,0.117153076,0
0,0.3682917474,0
0,0.1205454155,0
0,0.1480194027,0
0,0.1162490869,0
0,0.1250934321,0
0,0.1598594255,0
0,0.154980331,0
0,0.0873114836,0
0,0.237844911,0
0,0.1406692162,0
0,0.1115188934,0
0,0.0989144889,0
0,0.1441312119,0
0,0.2348549023,0
0,0.0982706244,0
0,0.1612095434,0
0,0.3829213958,0
0,0.2213446714,0
0,0.1745773531,0
0,0.1282033225,0
0,0.0714147607,0
0,0.1077168118,0
0,0.1195485735,0
0,0.1734152577,0
0,0.0901097783,0
0,0.1406819328,0
0,0.4926379824,0
0,0.1853444498,0
0,0.2234940654,0
0,0.1868417157,0
0,0.6140864974,0
0,0.1452914591,0
0,0.147160706,0
0,0.0949277394,0
0,1.8008479613,0
0,0.1331454007,0
0,0.0721769789,0
0,0.1696880242,0
0,0.0892357472,0
0,0.2796053414,0
0,0.2172609071,0
0,0.1337519856,0
0,0.4850296738,0
0,2.7960534137,0
0,0.13000973,0
0,0.2038788947,0
0,0.3289474604,0
0,0.2662908013,0
0,0.4086683003,0
0,0.0939505771,0
0,0.1294235725,0
0,0.1472882528,0
0,0.1291366382,0
0,0.0860254103,0
0,0.2728512184,0
0,0.1241191985,0
0,0.145471792,0
0,0.1832365101,0
0,0.1383651111,0
0,0.1329765416,0
0,0.5993914978,0
0,0.1082073269,0
0,0.0756374063,0
0,0.0900856115,0
0,0.0971510084,0
0,0.1477409927,0
0,0.0984900765,0
0,0.060446831,0
0,0.0600769818,0
0,0.0951168855,0
0,0.1097825003,0
0,0.1600623051,0
0,0.829033552,0
0,0.1194294172,0
0,0.1151783366,0
0,0.0645755193,0
0,0.111489221,0
0,0.0599654536,0
0,0.0851164525,0
0,0.0593975576,0
0,0.0974820257,0
0,0.3091002042,0
0,0.0619378921,0
0,1.1883227008,0
0,0.1476177268,0
0,0.0641244822,0
0,0.0387145857,0
0,0.1913089178,0
0,1.6390657942,0
0,0.0502763998,0
0,0.0281212269,0
0,0.0932017805,0
0,0.0705031919,0
0,0.074856096,0
0,0.1287656177,0
0,0.0486874973,0
0,0.258559778,0
0,NA,0
0,1.3980267068,0
0,0.1864035609,0
0,0.2872657617,0
0,0.3495066767,0
0,0.1836549829,0
0,0.1134160739,0
0,NA,0
0,0.2348684867,0
0,0.6990133534,0
0,0.1130501818,0
0,0.1288102931,0
0,0.1823120689,0
0,0.5999553114,0
0,0.0827431894,0
0,0.0658985805,0
0,0.0633017873,0
0,0.1094608823,0
0,0.1384738809,0
0,0.1902077152,0
0,0.0608408375,0
0,0.134814533,0
0,0.0623163638,0
0,0.2399806323,0
0,0.0914955694,0
0,0.1793546868,0
0,0.0716380145,0
0,0.0570451942,0
0,0.1228391667,0
0,0.0896964038,0
0,0.147160706,0
0,0.2352320272,0
0,0.1605841488,0
0,0.0649238409,0
0,0.119933149,0
0,0.1401140352,0
0,0.0900725011,0
0,1.1650222557,0
0,0.6990133534,0
0,0.2330044511,0
0,0.0655325019,0
0,0.0921775851,0
0,NA,0
0,0.8810714937,0
0,0.0846461483,0
0,0.0699013353,0
0,0.0610763241,0
0,0.0798872404,0
0,0.0376897482,0
0,0.066998085,0
0,0.1165022256,0
0,NA,0
0,0.199718101,0
0,0.1153957461,0
0,0.0697400866,0
0,0.095559269,0
0,0.2106066058,0
0,0.1460123932,0
0,0.1518328797,0
0,0.2256858307,0
0,0.3092377985,0
0,0.1118983198,0
0,0.5244050386,0
0,0.1915663418,0
0,0.1573155321,0
0,0.114592353,0
0,0.4309558601,0
0,0.1523763865,0
0,0.1233552977,0
0,0.4608154296,0
0,0.1597744808,0
0,0.3584683864,0
0,0.1317537164,0
0,0.1172395814,0
0,0.226151379,0
0,0.315646424,0
0,0.1136392219,0
0,0.0982198671,0
0,0.2878899441,0
0,0.0945230707,0
0,0.2509278705,0
0,0.3169330066,0
0,0.1331454007,0
0,0.3289474604,0
0,0.0933287584,0
0,0.1887846283,0
0,0.0693148253,0
0,0.0842478976,0
0,0.0233004451,0
0,0.3408887039,0
0,1.2904861909,0
0,NA,0
0,0.4704897571,0
0,0.0910538436,0
0,0.1871204977,0
0,0.5443643814,0
0,0.2525846571,0
0,0.1494074343,0
0,0.5096972369,0
0,0.0775732247,0
0,0.1030124942,0
0,0.6990133534,0
0,0.2884817014,0
0,0.0553084211,0
0,0.1553363008,0
0,0.1314900795,0
0,0.0414230135,0
0,0.0696335141,0
0,0.0758998738,0
0,0.2158027802,0
0,NA,0
0,0.2662908013,0
0,1.3980267068,0
0,0.0635466685,0
0,0.3056617531,0
0,0.0374471439,0
0,0.4660089023,0
0,0.0546473967,0
0,0.399436202,0
0,0.0785408262,0
0,0.1520312731,0
0,0.1360284703,0
0,0.0975519219,0
0,0.077026956,0
0,0.0553859109,0
0,0.1329981159,0
0,0.5647825283,0
0,0.1079776725,0
0,0.1871288666,0
0,0.3974981321,0
0,0.0830161153,0
0,0.390146988,0
0,0.062904783,0
0,0.0772390446,0
0,0.1411965673,0
0,0.0998590505,0
0,0.0938631468,0
0,0.1895629433,0
0,0.1281246433,0
0,0.0451446124,0
0,2.0970400602,0
0,0.086966963,0
0,0.1065898815,0
0,0.0334769539,0
0,0.7873363403,0
0,0.100011043,0
0,0.0764175615,0
0,2.3300445114,0
0,0.0630312614,0
0,0.1718885295,0
0,0.0437375886,0
0,0.0870100538,0
0,0.1090504452,0
0,0.1747533384,0
0,0.3264115219,0
0,0.3919701047,0
0,0.1859760298,0
0,0.0593852052,0
0,0.2113296185,0
0,0.0630841745,0
0,0.0522884005,0
0,0.049869151,0
0,0.0925164732,0
0,NA,0
0,0.147160706,0
0,0.3289474604,0
0,0.082833505,0
0,0.4091785483,0
0,0.4660089023,0
0,0.1474481292,0
0,0.1138664286,0
0,0.0921775851,0
0,NA,0
0,0.0405225132,0
0,NA,0
0,NA,0
0,NA,0
0,0.381280011,0
0,0.1747533384,0
0,0.1663238375,0
0,0.1179812165,0
0,0.1911049214,0
0,0.4848248741,0
0,0.3937848483,0
0,0.09410751,0
0,0.2417729062,0
0,0.0768106156,0
0,0.0730994357,0
0,0.1876728459,0
0,0.1454187205,0
0,0.1239759532,0
0,0.6004946929,0
0,0.1218987864,0
0,0.1747533384,0
0,0.7835094731,0
0,0.1149063047,0
0,0.3015351721,0
0,0.0832397537,0
0,0.1337242937,0
0,1.3980267068,0
0,0.0764860354,0
0,0.3058183421,0
0,0.309630076,0
0,0.199718101,0
0,0.6354666849,0
0,0.4660089023,0
0,0.0559210683,0
0,0.0665727003,0
0,1.9222867219,0
0,NA,0
0,0.0404053962,0
0,0.4063243942,0
0,0.2633372757,0
0,0.1791178073,0
0,0.1337671167,0
0,0.1716302208,0
0,0.208239008,0
0,0.4515365761,0
0,0.1151378247,0
0,0.1839229052,0
0,1.1184213655,0
0,0.0979670934,0
0,0.1316097461,0
0,0.3011937986,0
0,0.1125927549,0
0,0.2286492278,0
0,0.201937191,0
0,0.1390510434,0
0,0.2671784373,0
0,0.1891531557,0
0,0.3837720372,0
0,0.9320178046,0
0,0.1355945635,0
0,NA,0
0,0.5741895403,0
0,0.1180021019,0
0,0.1803766559,0
0,0.0709907981,0
0,0.0807366291,0
0,0.0730013946,0
0,0.069649124,0
0,0.0748571563,0
0,0.0867409456,0
0,0.0748115683,0
0,0.1259192646,0
0,0.0869601932,0
0,0.1250985985,0
0,0.0877830723,0
0,0.7176106499,0
0,0.1041933097,0
0,0.0822566146,0
0,0.1536250774,0
0,0.3325163167,0
0,0.059681533,0
0,0.1978235419,0
0,0.1329019904,0
0,0.0943113255,0
0,0.0714285914,0
0,0.2581246254,0
0,0.2295525333,0
0,0.0651873725,0
0,0.2051645387,0
0,0.1357494869,0
0,0.162708193,0
0,0.0794213818,0
0,0.0912117069,0
0,0.0465630341,0
0,0.087261851,0
0,0.0815349857,0
0,0.0386805808,0
0,0.0670546746,0
0,8.1604513456,0
0,0.0798872404,0
0,0.0266095859,0
0,0.1921507732,0
0,0.0384777993,0
0,0.0463434267,0
0,0.3451300278,0
0,0.3888808642,0
0,0.066178779,0
0,0.0249647626,0
0,0.0305997638,0
0,0.0536039925,0
0,0.0388340752,0
0,0.1007586816,0
0,0.0665727003,0
0,0.118879822,0
0,0.0998590505,0
0,0.0228249258,0
0,0.0202612566,0
0,0.0499295252,0
0,0.0859442648,0
0,NA,0
0,0.100525271,0
0,0.0522488011,0
0,0.1015079332,0
0,0.1688438052,0
0,0.0751074107,0
0,0.1544507163,0
0,0.0584575306,0
0,0.0591686721,0
0,0.0526430864,0
0,0.0611530516,0
0,0.1347712121,0
0,0.1864792117,0
0,0.0648844931,0
0,0.0690339853,0
0,0.048515486,0
0,0.0955371326,0
0,0.0656350567,0
0,0.1694952733,0
0,0.1024032301,0
0,0.0829735895,0
0,0.1855517049,0
0,0.4751064303,0
0,0.1769617034,0
0,0.141419803,0
0,0.2774836877,0
0,0.1580212747,0
0,0.3318825679,0
0,0.1446363733,0
0,0.1466427737,0
0,0.2194248495,0
0,0.6543341494,0
0,0.1427630676,0
0,0.6326836192,0
0,0.1144319114,0
0,0.253954646,0
0,0.1061804032,0
0,0.1426557864,0
0,0.7725937064,0
0,0.1642636744,0
0,0.1370692096,0
0,0.1571425368,0
0,0.2330044511,0
0,0.0853709199,0
0,5.5921068273,0
0,0.3674571707,0
0,0.1133041253,0
0,0.1045253613,0
0,0.1761896672,0
0,0.4660089023,0
0,0.7169367727,0
0,0.0699013353,0
0,0.1113243489,0
0,0.3931950113,0
0,0.1817434719,0
0,0.9150720263,0
0,0.1463238433,0
0,0.0510574513,0
0,0.0642859926,0
0,0.0409678156,0
0,0.0502108183,0
0,0.0317244522,0
0,0.0504317647,0
0,0.0484864754,0
0,0.0121296318,0
0,0.4429702599,0
0,0.0827778971,0
0,0.0701469863,0
0,NA,0
0,0.0367901765,0
0,0.0156079537,0
0,0.0155336301,0
0,0.0990204728,0
0,0.138120064,0
0,0.081944727,0
0,0.1442515503,0
0,0.1263705673,0
0,0.11251724,0
0,0.0524260015,0
0,0.0809939906,0
0,0.3373312392,0
0,0.2071150677,0
0,0.2008076415,0
0,0.1023067855,0
0,0.121363832,0
0,0.233572293,0
0,0.1304552008,0
0,0.1082431655,0
0,0.1950477213,0
0,0.086953007,0
0,0.1058422449,0
0,0.1204914702,0
0,0.1814440891,0
0,0.1272101507,0
0,0.0951038576,0
0,0.5292355604,0
0,0.1706370927,0
0,0.1082978435,0
0,0.0455878274,0
0,0.085044825,0
0,0.0720647093,0
0,0.0745544075,0
0,0.1039329599,0
0,0.2216206578,0
0,0.0516884656,0
0,0.1095502895,0
0,0.1002069914,0
0,0.0637093584,0
0,0.0089046287,0
0,0.0356185148,0
0,0.0864758788,0
0,NA,0
0,NA,0
0,0.147160706,0
0,0.0675783302,0
0,0.0191510508,0
0,0.0372807122,0
0,0.083464281,0
0,0.1230966912,0
0,NA,0
0,0.0665727003,0
0,NA,0
0,0.9169852593,0
0,0.1080948485,0
0,0.1563011225,0
0,NA,0
0,0.3495066767,0
0,23.6589135002,0
0,1.2437294449,0
0,700.4113801232,0
NA,NA,NA
NA,NA,NA
NA,NA,NA
NA,NA,NA
NA,NA,NA
NA,NA,NA
NA,NA,NA
NA,NA,NA
NA,NA,NA
NA,NA,NA
NA,NA,NA
NA,NA,NA
NA,NA,NA
NA,NA,NA
NA,NA,NA
NA,NA,NA
NA,NA,NA
NA,NA,NA
NA,NA,NA
NA,NA,NA
NA,NA,NA
NA,NA,NA
NA,NA,NA
NA,NA,NA
NA,NA,NA
NA,NA,NA
NA,NA,NA
NA,NA,NA
NA,NA,NA
NA,NA,NA
NA,NA,NA
NA,NA,NA
NA,NA,NA
NA,NA,NA
NA,NA,NA
NA,NA,NA
NA,NA,NA
NA,NA,NA
NA,NA,NA
NA,NA,NA
NA,NA,NA
NA,NA,NA
NA,NA,NA
NA,NA,NA
NA,NA,NA
NA,NA,NA
NA,NA,NA
NA,NA,NA
NA,NA,NA
NA,NA,NA
NA,NA,NA
NA,NA,NA
NA,NA,NA
NA,NA,NA
NA,NA,NA
NA,NA,NA
NA,NA,NA
NA,NA,NA
NA,NA,NA
NA,NA,NA
NA,NA,NA
NA,NA,NA
NA,NA,NA
NA,NA,NA
NA,NA,NA
NA,NA,NA
NA,NA,NA
NA,NA,NA
NA,NA,NA
NA,NA,NA
NA,NA,NA
NA,NA,NA
NA,NA,NA
NA,NA,NA
NA,NA,NA
NA,NA,NA
NA,NA,NA
NA,NA,NA
NA,NA,NA
NA,NA,NA
NA,NA,NA
NA,NA,NA
NA,NA,NA
NA,NA,NA
NA,NA,NA
NA,NA,NA
NA,NA,NA
NA,NA,NA
NA,NA,NA
NA,NA,NA
NA,NA,NA
NA,NA,NA
NA,NA,NA
NA,NA,NA
NA,NA,NA
NA,NA,NA
NA,NA,NA
NA,NA,NA
NA,NA,NA
NA,NA,NA
NA,NA,NA
NA,NA,NA
NA,NA,NA
NA,NA,NA
NA,NA,NA
NA,NA,NA
NA,NA,NA
NA,NA,NA
NA,NA,NA
NA,NA,NA
NA,NA,NA
NA,NA,NA
NA,NA,NA
NA,NA,NA
NA,NA,NA
NA,NA,NA
NA,NA,NA
NA,NA,NA
NA,NA,NA
NA,NA,NA
NA,NA,NA
NA,NA,NA
NA,NA,NA
NA,NA,NA
NA,NA,NA
NA,NA,NA
NA,NA,NA
NA,NA,NA
NA,NA,NA
NA,NA,NA
NA,NA,NA
NA,NA,NA
NA,NA,NA
NA,NA,NA
NA,NA,NA
NA,NA,NA
NA,NA,NA
NA,NA,NA
NA,NA,NA
NA,NA,NA
NA,NA,NA
NA,NA,NA
NA,NA,NA
NA,NA,NA
NA,NA,NA
NA,NA,NA
NA,NA,NA
NA,NA,NA
NA,NA,NA
NA,NA,NA
NA,NA,NA
NA,NA,NA
NA,NA,NA
NA,NA,NA
NA,NA,NA
NA,NA,NA
NA,NA,NA
NA,NA,NA
NA,NA,NA
NA,NA,NA
NA,NA,NA
NA,NA,NA
NA,NA,NA
NA,NA,NA
NA,NA,NA
NA,NA,NA
NA,NA,NA
NA,NA,NA
NA,NA,NA
NA,NA,NA
NA,NA,NA
NA,NA,NA
NA,NA,NA
NA,NA,NA
NA,NA,NA
NA,NA,NA
NA,NA,NA
NA,NA,NA
NA,NA,NA
NA,NA,NA
NA,NA,NA
NA,NA,NA
NA,NA,NA
NA,NA,NA
NA,NA,NA
NA,NA,NA
NA,NA,NA
NA,NA,NA
NA,NA,NA
NA,NA,NA
NA,NA,NA
NA,NA,NA
NA,NA,NA
NA,NA,NA
NA,NA,NA
NA,NA,NA
NA,NA,NA
NA,NA,NA
NA,NA,NA
NA,NA,NA
NA,NA,NA
NA,NA,NA
NA,NA,NA
NA,NA,NA
NA,NA,NA
NA,NA,NA
NA,NA,NA
NA,NA,NA
NA,NA,NA
NA,NA,NA
NA,NA,NA
NA,NA,NA
NA,NA,NA
NA,NA,NA
NA,NA,NA
NA,NA,NA
NA,NA,NA
NA,NA,NA
NA,NA,NA
NA,NA,NA
NA,NA,NA
NA,NA,NA
NA,NA,NA
NA,NA,NA
NA,NA,NA
NA,NA,NA
NA,NA,NA
NA,NA,NA
NA,NA,NA
NA,NA,NA
NA,NA,NA
NA,NA,NA
NA,NA,NA
NA,NA,NA
NA,NA,NA
NA,NA,NA
NA,NA,NA
NA,NA,NA
NA,NA,NA
NA,NA,NA
NA,NA,NA
NA,NA,NA
NA,NA,NA
NA,NA,NA
NA,NA,NA
NA,NA,NA
NA,NA,NA
NA,NA,NA
NA,NA,NA
NA,NA,NA
NA,NA,NA
NA,NA,NA
NA,NA,NA
NA,NA,NA
NA,NA,NA
NA,NA,NA
NA,NA,NA
NA,NA,NA
NA,NA,NA
NA,NA,NA
NA,NA,NA
NA,NA,NA
NA,NA,NA
NA,NA,NA
NA,NA,NA
NA,NA,NA
NA,NA,NA
NA,NA,NA
NA,NA,NA
NA,NA,NA
NA,NA,NA
NA,NA,NA
NA,NA,NA
NA,NA,NA
NA,NA,NA
NA,NA,NA
NA,NA,NA
NA,NA,NA
NA,NA,NA
NA,NA,NA
NA,NA,NA
NA,NA,NA
NA,NA,NA
NA,NA,NA
NA,NA,NA
NA,NA,NA
NA,NA,NA
NA,NA,NA
NA,NA,NA
NA,NA,NA
NA,NA,NA
NA,NA,NA
NA,NA,NA
NA,NA,NA
NA,NA,NA
NA,NA,NA
NA,NA,NA
NA,NA,NA
NA,NA,NA
NA,NA,NA
NA,NA,NA
NA,NA,NA
NA,NA,NA
NA,NA,NA
NA,NA,NA
NA,NA,NA
NA,NA,NA
NA,NA,NA
NA,NA,NA
NA,NA,NA
NA,NA,NA
NA,NA,NA
NA,NA,NA
NA,NA,NA
NA,NA,NA
NA,NA,NA
NA,NA,NA
NA,NA,NA
NA,NA,NA
NA,NA,NA
NA,NA,NA
NA,NA,NA
NA,NA,NA
NA,NA,NA
NA,NA,NA
NA,NA,NA
NA,NA,NA
NA,NA,NA
NA,NA,NA
NA,NA,NA
NA,NA,NA
NA,NA,NA
NA,NA,NA
NA,NA,NA
NA,NA,NA
NA,NA,NA
NA,NA,NA
NA,NA,NA
NA,NA,NA
NA,NA,NA
NA,NA,NA
NA,NA,NA
NA,NA,NA
NA,NA,NA
NA,NA,NA
NA,NA,NA
NA,NA,NA
NA,NA,NA
NA,NA,NA
NA,NA,NA
NA,NA,NA
NA,NA,NA
NA,NA,NA
NA,NA,NA
NA,NA,NA
NA,NA,NA
NA,NA,NA
NA,NA,NA
NA,NA,NA
NA,NA,NA
NA,NA,NA
NA,NA,NA
NA,NA,NA
NA,NA,NA
NA,NA,NA
NA,NA,NA
NA,NA,NA
NA,NA,NA
NA,NA,NA
NA,NA,NA
NA,NA,NA
NA,NA,NA
NA,NA,NA
NA,NA,NA
NA,NA,NA
NA,NA,NA
NA,NA,NA
NA,NA,NA
NA,NA,NA
NA,NA,NA
NA,NA,NA
NA,NA,NA
NA,NA,NA
NA,NA,NA
NA,NA,NA
NA,NA,NA
NA,NA,NA
NA,NA,NA
NA,NA,NA
NA,NA,NA
NA,NA,NA
NA,NA,NA
NA,NA,NA
NA,NA,NA
NA,NA,NA
NA,NA,NA
NA,NA,NA
NA,NA,NA
NA,NA,NA
NA,NA,NA
NA,NA,NA
NA,NA,NA
NA,NA,NA
NA,NA,NA
NA,NA,NA
NA,NA,NA
NA,NA,NA
NA,NA,NA
NA,NA,NA
NA,NA,NA
NA,NA,NA
NA,NA,NA
NA,NA,NA
NA,NA,NA
NA,NA,NA
NA,NA,NA
NA,NA,NA
NA,NA,NA
NA,NA,NA
NA,NA,NA
NA,NA,NA
NA,NA,NA
NA,NA,NA
NA,NA,NA
NA,NA,NA
NA,NA,NA
NA,NA,NA
NA,NA,NA
NA,NA,NA
NA,NA,NA
NA,NA,NA
NA,NA,NA
NA,NA,NA
NA,NA,NA
NA,NA,NA
NA,NA,NA
NA,NA,NA
NA,NA,NA
NA,NA,NA
NA,NA,NA
NA,NA,NA
NA,NA,NA
NA,NA,NA
NA,NA,NA
NA,NA,NA
NA,NA,NA
NA,NA,NA
NA,NA,NA
NA,NA,NA
NA,NA,NA
NA,NA,NA
NA,NA,NA
NA,NA,NA
NA,NA,NA
NA,NA,NA
NA,NA,NA
NA,NA,NA
NA,NA,NA
NA,NA,NA
NA,NA,NA
NA,NA,NA
NA,NA,NA
NA,NA,NA
NA,NA,NA
NA,NA,NA
NA,NA,NA
NA,NA,NA
NA,NA,NA
NA,NA,NA
NA,NA,NA
NA,NA,NA
NA,NA,NA
NA,NA,NA
NA,NA,NA
NA,NA,NA
NA,NA,NA
NA,NA,NA
NA,NA,NA
NA,NA,NA
NA,NA,NA
NA,NA,NA
NA,NA,NA
NA,NA,NA
NA,NA,NA
NA,NA,NA
NA,NA,NA
NA,NA,NA
NA,NA,NA
NA,NA,NA
NA,NA,NA
NA,NA,NA
NA,NA,NA
NA,NA,NA
NA,NA,NA
NA,NA,NA
NA,NA,NA
NA,NA,NA
NA,NA,NA
NA,NA,NA
NA,NA,NA
NA,NA,NA
NA,NA,NA
NA,NA,NA
NA,NA,NA
NA,NA,NA
NA,NA,NA
NA,NA,NA
NA,NA,NA
NA,NA,NA
NA,NA,NA
NA,NA,NA
NA,NA,NA
NA,NA,NA
NA,NA,NA
NA,NA,NA
NA,NA,NA
NA,NA,NA
NA,NA,NA
NA,NA,NA
NA,NA,NA
NA,NA,NA
NA,NA,NA
NA,NA,NA
NA,NA,NA
NA,NA,NA
NA,NA,NA
NA,NA,NA
NA,NA,NA
NA,NA,NA
NA,NA,NA
NA,NA,NA
NA,NA,NA
NA,NA,NA
NA,NA,NA
NA,NA,NA
NA,NA,NA
NA,NA,NA
NA,NA,NA
NA,NA,NA
NA,NA,NA
NA,NA,NA
NA,NA,NA
NA,NA,NA
NA,NA,NA
NA,NA,NA
NA,NA,NA
NA,NA,NA
NA,NA,NA
NA,NA,NA
NA,NA,NA
NA,NA,NA
NA,NA,NA
NA,NA,NA
NA,NA,NA
NA,NA,NA
NA,NA,NA
NA,NA,NA
NA,NA,NA
NA,NA,NA
NA,NA,NA
NA,NA,NA
NA,NA,NA
NA,NA,NA
NA,NA,NA
NA,NA,NA
NA,NA,NA
NA,NA,NA
NA,NA,NA
NA,NA,NA
NA,NA,NA
NA,NA,NA
NA,NA,NA
NA,NA,NA
NA,NA,NA
NA,NA,NA
NA,NA,NA
NA,NA,NA
NA,NA,NA
NA,NA,NA
NA,NA,NA
NA,NA,NA
NA,NA,NA
NA,NA,NA
NA,NA,NA
NA,NA,NA
NA,NA,NA
NA,NA,NA
NA,NA,NA
NA,NA,NA
NA,NA,NA
NA,NA,NA
NA,NA,NA
NA,NA,NA
NA,NA,NA
NA,NA,NA
NA,NA,NA
NA,NA,NA
NA,NA,NA
NA,NA,NA
NA,NA,NA
NA,NA,NA
NA,NA,NA
NA,NA,NA
NA,NA,NA
NA,NA,NA
NA,NA,NA
NA,NA,NA
NA,NA,NA
NA,NA,NA
NA,NA,NA
NA,NA,NA
NA,NA,NA
NA,NA,NA
NA,NA,NA
NA,NA,NA
NA,NA,NA
NA,NA,NA
NA,NA,NA
NA,NA,NA
NA,NA,NA
NA,NA,NA
NA,NA,NA
NA,NA,NA
NA,NA,NA
NA,NA,NA
NA,NA,NA
NA,NA,NA
NA,NA,NA
NA,NA,NA
NA,NA,NA
NA,NA,NA
NA,NA,NA
NA,NA,NA
NA,NA,NA
NA,NA,NA
NA,NA,NA
NA,NA,NA
NA,NA,NA
NA,NA,NA
NA,NA,NA
NA,NA,NA
NA,NA,NA
NA,NA,NA
NA,NA,NA
NA,NA,NA
NA,NA,NA
NA,NA,NA
NA,NA,NA
NA,NA,NA
NA,NA,NA
NA,NA,NA
NA,NA,NA
NA,NA,NA
NA,NA,NA
NA,NA,NA
NA,NA,NA
NA,NA,NA
NA,NA,NA
NA,NA,NA
NA,NA,NA
NA,NA,NA
NA,NA,NA
NA,NA,NA
NA,NA,NA
NA,NA,NA
NA,NA,NA
NA,NA,NA
NA,NA,NA
NA,NA,NA
NA,NA,NA
NA,NA,NA
NA,NA,NA
NA,NA,NA
NA,NA,NA
NA,NA,NA
NA,NA,NA
NA,NA,NA
NA,NA,NA
NA,NA,NA
NA,NA,NA
NA,NA,NA
NA,NA,NA
NA,NA,NA
NA,NA,NA
NA,NA,NA
NA,NA,NA
NA,NA,NA
NA,NA,NA
NA,NA,NA
NA,NA,NA
NA,NA,NA
NA,NA,NA
NA,NA,NA
NA,NA,NA
NA,NA,NA
NA,NA,NA
NA,NA,NA
NA,NA,NA
NA,NA,NA
NA,NA,NA
NA,NA,NA
NA,NA,NA
NA,NA,NA
NA,NA,NA
NA,NA,NA
NA,NA,NA
NA,NA,NA
NA,NA,NA
NA,NA,NA
NA,NA,NA
NA,NA,NA
NA,NA,NA
NA,NA,NA
NA,NA,NA
NA,NA,NA
NA,NA,NA
NA,NA,NA
NA,NA,NA
NA,NA,NA
NA,NA,NA
NA,NA,NA
NA,NA,NA
NA,NA,NA
NA,NA,NA
NA,NA,NA
NA,NA,NA
NA,NA,NA
NA,NA,NA
NA,NA,NA
NA,NA,NA
NA,NA,NA
NA,NA,NA
NA,NA,NA
NA,NA,NA
NA,NA,NA
NA,NA,NA
NA,NA,NA
NA,NA,NA
NA,NA,NA
NA,NA,NA
NA,NA,NA
NA,NA,NA
NA,NA,NA
NA,NA,NA
NA,NA,NA
NA,NA,NA
NA,NA,NA
NA,NA,NA
NA,NA,NA
NA,NA,NA
NA,NA,NA
NA,NA,NA
NA,NA,NA
NA,NA,NA
NA,NA,NA
NA,NA,NA
NA,NA,NA
NA,NA,NA
NA,NA,NA
NA,NA,NA
NA,NA,NA
NA,NA,NA
NA,NA,NA
NA,NA,NA
NA,NA,NA
NA,NA,NA
NA,NA,NA
NA,NA,NA
NA,NA,NA
NA,NA,NA
NA,NA,NA
NA,NA,NA
NA,NA,NA
NA,NA,NA
NA,NA,NA
NA,NA,NA
NA,NA,NA
NA,NA,NA
NA,NA,NA
NA,NA,NA
NA,NA,NA
NA,NA,NA
NA,NA,NA
NA,NA,NA
NA,NA,NA
NA,NA,NA
NA,NA,NA
NA,NA,NA
NA,NA,NA
NA,NA,NA
NA,NA,NA
NA,NA,NA
NA,NA,NA
NA,NA,NA
NA,NA,NA
NA,NA,NA
NA,NA,NA
NA,NA,NA
NA,NA,NA
NA,NA,NA
NA,NA,NA
NA,NA,NA
NA,NA,NA
NA,NA,NA
NA,NA,NA
NA,NA,NA
NA,NA,NA
NA,NA,NA
NA,NA,NA
NA,NA,NA
NA,NA,NA
NA,NA,NA
NA,NA,NA
NA,NA,NA
NA,NA,NA
NA,NA,NA
NA,NA,NA
NA,NA,NA
NA,NA,NA
NA,NA,NA
NA,NA,NA
NA,NA,NA
NA,NA,NA
NA,NA,NA
NA,NA,NA
NA,NA,NA
NA,NA,NA
NA,NA,NA
NA,NA,NA
NA,NA,NA
NA,NA,NA
NA,NA,NA
NA,NA,NA
NA,NA,NA
NA,NA,NA
NA,NA,NA
NA,NA,NA
NA,NA,NA
NA,NA,NA
NA,NA,NA
NA,NA,NA
NA,NA,NA
NA,NA,NA
NA,NA,NA
NA,NA,NA
NA,NA,NA
NA,NA,NA
NA,NA,NA
NA,NA,NA
NA,NA,NA
NA,NA,NA
NA,NA,NA
NA,NA,NA
NA,NA,NA
NA,NA,NA
NA,NA,NA
NA,NA,NA
NA,NA,NA
NA,NA,NA
NA,NA,NA
NA,NA,NA
NA,NA,NA
NA,NA,NA
NA,NA,NA
NA,NA,NA
NA,NA,NA
NA,NA,NA
NA,NA,NA
NA,NA,NA
NA,NA,NA
NA,NA,NA
NA,NA,NA
NA,NA,NA
NA,NA,NA
NA,NA,NA
NA,NA,NA
NA,NA,NA
NA,NA,NA
NA,NA,NA
NA,NA,NA
NA,NA,NA
NA,NA,NA
NA,NA,NA
NA,NA,NA
NA,NA,NA
NA,NA,NA
NA,NA,NA
NA,NA,NA
NA,NA,NA
NA,NA,NA
NA,NA,NA
NA,NA,NA
NA,NA,NA
NA,NA,NA
NA,NA,NA
NA,NA,NA
NA,NA,NA
NA,NA,NA
NA,NA,NA
NA,NA,NA
NA,NA,NA
NA,NA,NA
NA,NA,NA
NA,NA,NA
NA,NA,NA
NA,NA,NA
NA,NA,NA
NA,NA,NA
NA,NA,NA
NA,NA,NA
NA,NA,NA
NA,NA,NA
NA,NA,NA
NA,NA,NA
NA,NA,NA
NA,NA,NA
NA,NA,NA
NA,NA,NA
NA,NA,NA
NA,NA,NA
NA,NA,NA
NA,NA,NA
0.0025706941,0.2649192157,0
0.0026666667,0.1793754236,0
0.002739726,0.1377567643,0
0.0031746032,0.1414831149,0
NA,NA,NA
0.0035587189,0.2397395803,0
0.0035714286,0.1295699412,0
0.0036231884,0.1430071453,0
0.0037313433,0.1561926926,0
0.00390625,0.1250137827,0
0.0041322314,0.1326944772,0
0.0041666667,0.1932718598,0
0.0042643923,0.1970987037,0
NA,NA,NA
0.0047169811,0.2645152902,0
0.0048780488,0.1651877232,0
0.004950495,0.305345425,0
0.0056818182,0.147878066,0
0.005952381,0.1663678615,0
0.0060606061,0.265282945,0
0.006097561,0.1446211447,0
0.0063492063,0.1734414269,0
0.0063694268,0.2404031449,0
0.0064102564,0.3667289238,0
0.006993007,0.2564989697,0
NA,NA,NA
0.0073529412,0.2014519941,0
0.0074074074,0.2197483574,0
0.0074074074,0.1643953646,0
NA,NA,NA
0.0076335878,0.2510142212,0
0.0076335878,0.3882836849,0
0.0081967213,0.4952009211,0
0.0083333333,0.1293436519,0
0.0084033613,0.3134861075,0
0.0084033613,0.0845050823,0
NA,NA,NA
0.0084745763,0.2552178572,0
0.0086206897,0.2442920125,0
0.0088495575,0.183336337,0
0.0088495575,0.1565739941,0
NA,NA,NA
0.0094339623,0.1949248666,0
0.0096153846,0.1247582888,0
0.0096153846,0.1918444533,0
0.0097087379,0.1246989893,0
0.0097087379,0.1073421269,0
NA,NA,NA
0.0099502488,0.0868848001,0
0.0102040816,0.1537469735,0
0.0102040816,0.1959976851,0
NA,NA,NA
0.0104166667,0.2086510809,0
NA,NA,NA
0.0106382979,0.2557532382,0
0.0106382979,0.0857740382,0
NA,NA,NA
0.0108108108,0.0902557307,0
0.010989011,0.3087695534,0
NA,NA,NA
0.0113636364,0.117106759,0
0.0116959064,0.6458330081,0
0.0117647059,0.271542476,0
0.0118343195,0.0889713012,0
0.0119047619,0.1029314708,0
0.0119047619,0.1242764645,0
0.0119047619,0.1377822387,0
NA,NA,NA
0.012345679,0.1133218561,0
0.0125,0.101717,0
0.0128205128,0.285077482,0
0.0128205128,0.4042411819,0
0.012987013,0.3496336777,0
NA,NA,NA
0.0130718954,0.1919935391,0
0.0131578947,0.1520934138,0
0.0133333333,0.3274853577,0
NA,NA,NA
0.0133928571,0.1077247746,0
NA,NA,NA
0.0136986301,0.1472763984,0
0.013986014,0.1875820871,0
0.014084507,0.1689340658,0
0.0142857143,0.2045286404,0
NA,NA,NA
0.0145985401,0.2076277287,0
0.0147058824,0.1248438472,0
0.0147058824,0.6212889422,0
NA,NA,NA
0.0147601476,0.2264950765,0
NA,NA,NA
NA,NA,NA
0.015625,0.3321104168,0
0.015625,0.145195652,0
0.0157480315,0.2241794755,0
0.0157480315,0.2527710962,0
0.0158730159,0.1736069532,0
0.0161290323,0.1491445281,0
0.0161290323,0.1231862185,0
0.0163934426,0.1861999466,0
0.0163934426,0.1070800206,0
0.0166666667,0.0793349691,0
0.0166666667,0.1559418096,0
NA,NA,NA
0.0175438596,0.194846627,0
0.0175438596,0.0612349591,0
0.0175438596,0.1567619731,0
0.0175438596,0.3685530986,0
0.0178571429,0.1731271441,0
0.0178571429,0.1250330246,0
0.0181818182,0.1727165862,0
0.0185185185,0.1921197317,0
0.0185185185,0.154676781,0
0.0185185185,0.2205423006,0
NA,NA,NA
NA,NA,NA
NA,NA,NA
NA,NA,NA
0.0196078431,0.1600280078,0
0.0196078431,0.4747301141,0
NA,NA,NA
0.0198675497,0.2163447813,0
0.02,0.1592550009,0
0.02,0.154564098,0
0.0204081633,0.1617254545,0
0.0204081633,0.3535263795,0
0.0204081633,0.2342751745,0
0.0204081633,0.0776681504,0
NA,NA,NA
0.0208333333,0.2090025954,0
0.0208333333,0.0040656282,0
0.0208333333,0.1852580888,0
0.0208333333,0.1268064065,0
NA,NA,NA
0.0210526316,0.1254332043,0
0.0212765957,0.1752943704,0
0.0212765957,3.9473695252,0
NA,NA,NA
0.0217391304,0.1175566311,0
0.0217391304,0.1746508437,0
0.0222222222,3.2560492978,0
NA,NA,NA
NA,NA,NA
NA,NA,NA
0.0227272727,0.1759437562,0
0.0227272727,0.1207428757,0
0.0227272727,0.1647195223,0
0.0227272727,0.1664860515,0
0.0227272727,0.2939081647,0
0.023255814,0.1928660056,0
0.023255814,0.1304222166,0
NA,NA,NA
0.0238095238,0.0861293689,0
0.0238095238,0.165878225,0
0.0243902439,0.0821019083,0
0.0243902439,0.1434526493,0
0.0243902439,0.187109635,0
0.0243902439,0.0575728124,0
0.0243902439,0.1501847612,0
0.025,0.160097235,0
0.025,0.1620731545,0
NA,NA,NA
NA,NA,NA
0.0256410256,0.1039120659,0
NA,NA,NA
0.025974026,0.3504262698,0
0.0263157895,0.0803083874,0
0.0263157895,0.2407170188,0
0.0263157895,0.2880635842,0
NA,NA,NA
0.0265486726,0.3855209138,0
0.027027027,0.2109189771,0
0.0272727273,0.1727798236,0
0.0273972603,0.2910893357,0
0.0277777778,0.1160558569,0
0.0277777778,0.1285454371,0
NA,NA,NA
NA,NA,NA
0.0294117647,0.0448954463,0
0.0294117647,0.0808542026,0
0.0303030303,0.0032902895,0
0.0303030303,0.3458728644,0
0.0307692308,2.7835932826,0
NA,NA,NA
NA,NA,NA
NA,NA,NA
NA,NA,NA
0.0322580645,0.1380432954,0
0.0322580645,0.149563668,0
0.0326086957,1.5189046028,1
NA,NA,NA
NA,NA,NA
0.0333333333,0.1000285905,0
0.0333333333,0.1042442549,0
0.0333333333,3.5072995008,1
0.0338983051,0.083602926,0
0.0344827586,0.1553081958,0
0.0344827586,0.2044090722,0
NA,NA,NA
NA,NA,NA
NA,NA,NA
NA,NA,NA
0.0357142857,0.1906400055,0
0.0357142857,0.4412336607,0
0.037037037,0.2980980836,0
0.0384615385,0.0738794601,0
0.0384615385,0.5606966279,0
0.0384615385,0.356942989,0
0.0384615385,0.0503930981,0
0.0393258427,0.1360484231,0
0.04,0.2085825942,0
0.04,0.3426536046,0
0.04,0.0893798153,0
0.04,0.0762398838,0
0.04,0.0536413125,0
0.0408163265,0.234119305,0
0.0416666667,0.1263752955,0
0.0416666667,0.0735556947,0
0.0416666667,0.3621118355,0
NA,NA,NA
NA,NA,NA
NA,NA,NA
0.0431034483,0.289934392,0
0.0434782609,0.1373783469,0
0.0434782609,0.1101047045,0
0.0434782609,0.1509437576,0
0.0434782609,0.1454374188,0
0.0444444444,0.1631205432,0
0.0454545455,0.0716936773,0
NA,NA,NA
0.0465116279,0.0849971905,0
0.0476190476,0.1828556161,0
0.0476190476,0.4424688907,0
0.0476190476,0.0676104043,0
0.05,0.123133087,0
0.0512820513,0.1710486946,0
0.0517241379,0.1195932511,0
0.0526315789,0.2976742864,0
NA,NA,NA
NA,NA,NA
0.0555555556,0.0795651144,0
0.0555555556,0.1450491285,0
0.0555555556,0.0307694909,0
0.0566037736,0.2729145334,0
NA,NA,NA
0.0588235294,0.0635466685,0
0.0588235294,0.2107381321,0
0.0588235294,0.3495066767,0
NA,NA,NA
NA,NA,NA
0.0595238095,0.1541160002,0
0.0606060606,0.0639303157,0
0.0606060606,0.0905280539,0
0.0625,0.0559210683,0
0.0625,0.2506422383,0
NA,NA,NA
0.0652173913,0.8184427706,0
0.0666666667,0.111301712,0
NA,NA,NA
NA,NA,NA
NA,NA,NA
NA,NA,NA
0.0681818182,0.2040755868,0
0.0689655172,0.0656657925,0
0.0714285714,1.090875242,0
0.0714285714,0.1352929071,0
0.0714285714,0.8896533589,0
0.0714285714,0.210757795,0
0.0714285714,6.9901335342,0
NA,NA,NA
0.0769230769,0.6373357046,0
0.0769230769,0.3653035886,0
0.0769230769,0.260097992,0
0.0833333333,0.153501042,0
0.0833333333,0.162171098,0
0.0833333333,0.2076136975,0
0.0833333333,0.3300587694,0
0.0833333333,1.1335351677,0
NA,NA,NA
NA,NA,NA
0.0869565217,0.6340153744,0
0.0909090909,1.1650222557,0
0.0909090909,0.0678317097,0
0.0909090909,0.0943019701,0
0.0909090909,0.5971163631,0
0.0952380952,0.2228295843,0
0.1,0.163149998,0
0.1,19.289587204,0
0.1111111111,0.0518449802,0
0.1111111111,0.114592353,0
0.1111111111,0.1114369114,0
0.1111111111,0.219298307,0
0.1111111111,31.3457559482,0
0.1111111111,0.0597095353,0
0.1111111111,15.4054927383,1
NA,NA,NA
NA,NA,NA
NA,NA,NA
NA,NA,NA
0.125,0.8506066108,0
0.125,0.1501716667,0
0.125,0.1514791917,0
0.125,0.0553962616,0
0.125,0.1457904946,0
0.125,0.0497076162,0
0.125,9.8343947653,0
0.125,1.3980267068,0
0.125,0.1259949995,0
0.125,0.0663867431,0
0.125,0.0371157533,0
NA,NA,NA
NA,NA,NA
0.1333333333,0.1556064508,0
NA,NA,NA
0.1388888889,0.1267149579,0
0.1428571429,0.074103055,0
0.1428571429,0.019681277,0
0.1428571429,4.1940801205,0
0.1428571429,0.0777881939,0
0.1428571429,0.2330044511,0
NA,NA,NA
NA,NA,NA
NA,NA,NA
0.1515151515,6.1161939904,1
0.1666666667,0.3755892645,0
0.1666666667,0.1227275353,0
0.1666666667,0.9248484368,0
0.1666666667,22.088821968,1
NA,NA,NA
NA,NA,NA
NA,NA,NA
NA,NA,NA
0.1818181818,0.7527836114,0
NA,NA,NA
0.1926605505,6.8669020533,1
0.2,4.1164119701,0
0.2,0.3106726015,0
0.2,0.026885129,0
0.2,NA,0
0.2,0.0591235964,0
0.2,0.2892469049,0
0.2,0.0350759389,0
NA,NA,NA
NA,NA,NA
0.2307692308,3.1394711239,0
0.2307692308,60.4029774217,1
0.25,0.3226215477,0
0.25,0.2330044511,0
0.25,0.272342865,0
0.25,1.0731331764,0
0.25,0.0671724544,0
0.25,2.5808532894,1
0.25,2.9041656771,1
NA,NA,NA
NA,NA,NA
NA,NA,NA
NA,NA,NA
NA,NA,NA
NA,NA,NA
NA,NA,NA
NA,NA,NA
0.2608695652,77.1364838657,1
0.2647058824,35.5585053694,1
0.2666666667,7.3429901151,1
0.2727272727,0.1306567016,0
0.2739726027,37.6258033227,1
0.2777777778,155.390015181,1
0.2857142857,0.0675890774,0
NA,NA,NA
0.3,59.7532874332,1
NA,NA,NA
0.3191489362,37.3516265804,1
0.3333333333,92.6510426619,0
0.3333333333,0.0998590505,0
0.3333333333,0.5242600151,1
NA,NA,NA
NA,NA,NA
NA,NA,NA
NA,NA,NA
NA,NA,NA
NA,NA,NA
NA,NA,NA
NA,NA,NA
NA,NA,NA
0.375,6.6732474806,0
0.375,109.7450964864,1
0.375,223.6842730932,1
NA,NA,NA
NA,NA,NA
NA,NA,NA
NA,NA,NA
0.3793103448,2.0990916718,1
0.3846153846,4.7434800895,1
0.3896103896,49.3065240037,1
0.4,67.9440979521,1
NA,NA,NA
0.4090909091,58.1875661162,1
0.44,176.3510831619,1
0.4444444444,283.2910481391,1
0.4444444444,253.5670939518,1
0.4545454545,11.7710079526,1
0.4545454545,225.016510308,1
0.46,111.452958535,1
NA,NA,NA
0.5283018868,58.9158259905,1
0.5625,25.2213110769,1
0.5882352941,4.7901291502,1
0.5909090909,28.9948610022,1
0.6,56.2656291008,1
NA,NA,NA
0.6666666667,15.0734049721,1
0.6666666667,17.8377852038,1
0.6829268293,50.8896846769,1
0.7391304348,16.9291013089,1
0.75,3.9943620195,1
0.7619047619,73.0829927194,1
0.8,25.7822134539,1
NA,NA,NA
0.8125,32.3224747724,1
0.8260869565,21.9615712398,1
0.8333333333,27.6110274599,1
0.8333333333,13.1741976157,1
0.8461538462,4.1089499421,1
0.8461538462,2.9999323084,1
0.8636363636,0.668354873,1
0.921875,10.7936422248,1
0.9230769231,0.8124895472,1
0.9245283019,8.0203524484,1
NA,NA,NA
0.9375,2.6923350762,1
0.9375,0.6411639724,1
0.9574468085,1.9600746334,1
0.9696969697,0.5556259989,1
1,6.844669563,1
1,2.5834275623,1
1,3.0380195745,1
1,10.1496738916,1
1,7.2564243355,1
NA,NA,NA
NA,NA,NA
NA,NA,NA
NA,NA,NA
NA,NA,NA
NA,NA,NA
NA,NA,NA
NA,NA,0
NA,NA,NA
