2.3057e+05,-2.0719,-2.355,-0.59309,0
2.1013e+05,-2.3263,-2.5172,-0.71013,0
1.0432e+05,-2.017,-2.312,-0.7781,0
89338,-1.658,-2.6102,-0.51037,0
86731,-1.9085,-2.4463,-0.94569,0
84753,-100,-2.5058,-0.79973,0
84544,-100,-2.7381,-0.81256,0
83539,-100,-2.8449,-0.82965,0
65379,-100,-2.8389,-0.07865,0
58251,-100,-3.0313,-0.8181,0
54974,-100,-2.3947,-0.86823,0
54254,-100,-2.9081,-0.83007,0
43545,-1.6902,-3.1561,-0.79122,0
36568,-1.3892,-3.7915,-0.63056,0
32000,-100,-2.7962,-0.71998,0
28624,-100,-3.08,-0.81653,0
26343,-100,-2.3743,-0.79925,0
23827,-100,-2.8191,-0.86253,0
20414,-100,-2.82,-0.98701,0
20235,-1.3222,-2.6504,-0.73789,0
19915,-100,-2.8542,-0.70888,0
19591,-100,-2.931,-0.97886,0
19270,-100,-2.1934,-1.0351,0
18111,-100,-2.4901,-0.79845,0
17136,-100,-3.207,-0.77115,0
14383,-100,-2.5686,-0.97805,0
12384,-100,-2.8786,-0.83479,0
10990,-100,-2.6612,-0.34268,0
10576,-100,-3.2653,-0.57098,0
9503,-100,-2.3738,-0.079968,0
8723,-100,-2.0476,-0.36673,0
8016,-100,-3.5625,0.11333,0
5751,-100,-2.8987,-0.69814,0
5549,-100,-2.4598,-0.88642,0
4667,-100,-2.507,0.13062,0
4040,-100,-3.4758,-1.2459,0
3945,-100,-3.5234,-0.61145,0
3795,-100,-3.5735,-0.67839,0
3240,-0.30103,-3.1369,-0.83869,0
3203,-100,-9999,-9999,0
3157,-100,-2.9293,-0.80653,0
3144,-100,-2.7514,-0.54816,0
1.3218e+05,-100,-2.7457,-0.55203,0
1.0392e+05,-100,-2.5837,-0.70865,0
98177,-1.9731,-2.2877,-0.59218,0
81920,-100,-2.3506,-0.69584,0
75862,-100,-2.6878,-0.62956,0
73530,-100,-2.4348,-0.66489,0
58195,-100,-2.7132,-0.64017,0
57608,-1.7482,-2.3918,-0.76163,0
57527,-100,-2.0804,-0.52803,0
51214,-100,-2.4623,-0.7958,0
45551,-100,-3.183,-0.42933,0
43249,-100,-2.6238,-0.67603,0
42122,-100,-2.3901,-0.70859,0
41176,-100,-2.4628,-0.86222,0
40714,-100,-2.478,-0.7906,0
40625,-100,-2.8178,-0.67536,0
39799,-1.5682,-2.5588,-0.67588,0
38672,-1.6532,-2.4756,-0.82909,0
36983,-100,-2.9961,-0.69079,0
36604,-100,-2.5224,-0.79921,0
36358,-1.5185,-2.9082,-0.64365,0
31027,-100,-2.4926,-0.73804,0
28196,-1.4624,-2.4345,-0.80881,0
24333,-100,-3.0251,-0.25115,0
22386,-100,-2.0951,-0.30685,0
22169,-100,-2.2567,-0.58579,0
21703,-100,-2.8418,-0.95149,0
20717,-100,-1.8907,-0.2738,0
19119,-100,-2.6543,-0.35518,0
16865,-1.3424,-3.2919,-0.39489,0
13413,-1.2553,-1.5325,0.0031835,0
13300,-100,-2.5054,-0.88712,0
13046,-100,-2.6231,-0.66192,0
11529,-0.8451,-2.7039,-0.056589,0
11034,-100,-2.368,-0.9122,0
10975,-100,-2.6825,-0.082086,0
9751,-100,-2.6344,-0.70693,0
9172,-100,-2.621,-0.72145,0
9047,-100,-2.2896,-0.68908,0
8079,-100,-2.296,-0.40769,0
8013,-100,-2.4859,-0.61011,0
7923,-100,-2.939,-0.95139,0
7376,-100,-2.6765,-0.31394,0
7077,-100,-3.3213,-1.8285,0
7017,-0.079181,-1.6418,1.4411,1
6306,-100,-3.1098,-0.88763,0
6014,-100,-2.8527,-0.39104,0
5217,-100,-2.5405,-0.9064,0
4426,-100,-2.6123,0.032617,0
4075,-100,-3.2687,-0.73618,0
4061,-100,-4.3809,-0.55345,0
3947,-100,-1.8916,-1.0149,0
3539,-100,-2.7303,-0.56009,0
3519,-100,-2.548,-0.70377,0
3092,-100,-2.5068,-0.46968,0
3004,-100,-2.6481,-0.19691,0
1.8272e+05,-100,-2.4765,-0.58986,0
5259,-100,-3.0163,-0.72761,0
5528,-0.90309,-2.5419,-0.071688,0
8448,-100,-2.4537,-0.62181,0
1.3089e+05,-2.1303,-2.3885,-0.65522,0
10348,-0.69897,-3.0631,0.61452,0
20610,-100,-3.4053,-0.60781,0
86795,-100,-2.5676,-0.63719,0
1.244e+05,-2.0755,-2.1905,-0.50095,0
5414,-100,-2.5518,-0.35356,0
4.1166e+05,-2.1128,-2.5163,-0.57453,0
3611,-100,-2.3301,-0.34162,0
6316,-0.65321,-2.6139,0.12683,0
38811,-100,-2.4254,-0.71671,0
6969,-100,-1.9167,-0.82306,0
4445,-100,-2.2932,0.50919,0
51218,-100,-2.1609,-0.44695,0
57793,-100,-2.5854,-0.72801,0
1.9196e+05,-2.0043,-2.3972,-0.51195,0
3106,-100,-3.3616,-0.097523,0
5791,-100,-2.6109,-0.040795,0
3865,-100,-2.7576,-0.84902,0
20286,-100,-2.4679,-0.74954,0
13424,-100,-2.5386,-0.54737,0
36288,-100,-2.8789,-0.49529,0
1.9108e+05,-100,-2.1645,-0.44001,0
4985,-100,-3.567,0.094363,0
38570,-100,-2.7801,-0.5221,0
44638,-100,-2.2764,-0.61127,0
24852,-100,-2.5572,-0.27925,0
7910,-100,-3.4665,0.094363,0
14354,-100,-2.9338,-0.55433,0
1.3106e+05,-1.8028,-2.4618,-0.64641,0
34843,-100,-2.3575,-0.41044,0
2.4356e+05,-2.0682,-2.5427,-0.75606,0
1.7079e+05,-2.2148,-2.6703,-0.83977,0
1.6392e+05,-2.2227,-2.4395,-0.69322,0
1.3273e+05,-100,-2.6325,-0.73075,0
1.1578e+05,-100,-2.5938,-0.74656,0
1.1199e+05,-100,-1.9057,-0.14984,0
1.0625e+05,-100,-2.5869,-0.87617,0
97985,-100,-2.4676,-0.77974,0
84391,-100,-2.3906,-0.75196,0
73140,-100,-2.3317,-0.56177,0
67124,-1.8865,-2.4443,-0.4554,0
65551,-100,-2.496,-0.79339,0
56340,-100,-2.5365,-0.85021,0
52381,-1.6628,-2.7832,-0.92975,0
48659,-100,-2.6408,-0.88808,0
29199,-100,-2.3721,-0.42985,0
17435,-100,-2.6283,-0.78211,0
16180,-100,-2.587,-0.98209,0
15171,-100,-2.1541,-0.57009,0
10714,-100,-3.3111,-0.13397,0
10151,-100,-2.2096,-0.34769,0
10017,-100,-2.7562,-0.64499,0
8047,-100,-2.2682,-0.88906,0
6142,-0.90309,-2.9375,-0.82341,0
4301,-100,-3.503,-0.27361,0
3958,-100,-3.1939,-1.0149,0
3941,-100,-4.067,-1.0306,0
3295,-100,-2.6883,-1.211,0
3.0317e+05,-2.4942,-2.1793,-0.43565,0
2.4085e+05,-2.3655,-2.399,-0.61209,0
2.2452e+05,-2.3365,-2.5547,-0.83082,0
2.1322e+05,-2.3118,-2.4875,-0.78202,0
1.0429e+05,-100,-2.544,-0.88886,0
88644,-100,-2.6479,-0.86592,0
67887,-1.5911,-2.1715,-0.54504,0
63483,-1.7924,-2.5712,-0.82639,0
62395,-1.7709,-2.5659,-0.80993,0
37916,-100,-2.2925,-0.34591,0
32428,-100,-2.5118,-0.87269,0
31993,-100,-2.4666,-0.78323,0
20382,-100,-2.6315,-0.83544,0
16474,-100,-2.9065,-1.0291,0
16416,-100,-2.3038,0.35525,0
13928,-100,-2.4723,-0.76455,0
10420,-100,-3.0269,-0.87425,0
9158,-100,-2.8478,-0.8325,0
7662,-100,-2.8373,-0.81019,0
7205,-100,-3.6301,-0.68699,0
7171,-100,-3.1967,-0.83474,0
6389,-0.90309,-2.8967,-0.81965,0
5715,-100,-3.6264,-1.5652,0
4240,-100,-2.3135,0.34538,0
4187,-100,-1.6564,-0.066375,0
34374,-0.018885,-0.87383,0.29227,1
32994,0,-1.3511,0.83535,1
31684,-0.035328,-1.5014,1.0332,1
25679,-0.03408,-1.2286,0.90419,1
23533,-0.028029,-1.3974,0.43013,1
14922,0,-0.90459,0.4122,1
12329,-0.13128,-0.85035,1.2286,1
7790,-0.072551,-1.3272,0.61373,1
7431,-100,-2.9714,-1.1893,0
6042,0,-2.1995,0.48259,1
4997,0,-1.4517,1.1197,1
3745,-0.17609,-1.0391,1.1782,1
3201,-0.17609,-1.4395,1.2513,1
3.6364e+05,-1.9661,-2.6131,-1.0445,0
1.7064e+05,-2.2279,-2.6419,-1.0508,0
1.3676e+05,-100,-2.4002,-0.81705,0
70493,-100,-2.3504,-0.94354,0
23104,-100,-2.8882,-0.99621,0
22839,-100,-3.5079,-1.2351,0
19776,-100,-2.4612,-1.1042,0
19152,-100,-2.9475,-0.7855,0
16435,-100,-2.8844,-1.2422,0
8535,-100,-2.3573,-0.38723,0
8404,-100,-2.264,-0.90992,0
7200,-100,-2.666,-0.97919,0
5567,-100,-2.4212,-0.9931,0
5427,-100,-2.3029,-1.0002,0
5036,-100,-1.6382,-0.1311,0
5019,-100,-3.1114,-1.369,0
4380,-100,-2.9368,-1.2858,0
4191,-100,-3.5497,-1.4763,0
4159,-100,-2.6925,-0.9691,0
3.4258e+05,-2.5237,-2.479,-0.77648,0
1.7493e+05,-2.2253,-2.6102,-0.77893,0
1.6701e+05,-1.932,-2.0404,-0.18988,0
1.6240e+05,-2.1959,-2.5138,-0.61906,0
1.477e+05,-2.1987,-2.4578,-0.66469,0
1.3683e+05,-100,-2.3315,-0.49802,0
1.1917e+05,-100,-2.5118,-0.68562,0
1.1548e+05,-2.0374,-2.5853,-0.81318,0
95210,-1.9912,-2.4768,-0.81319,0
76888,-100,-2.5477,-0.80888,0
60509,-1.7324,-2.3785,-0.71643,0
38351,-100,-2.9514,-0.7121,0
34907,-100,-2.386,-0.72171,0
16058,-100,-2.2827,-0.84483,0
9834,-100,-2.9944,-0.75295,0
7165,-100,-2.4128,-0.6873,0
6448,-100,-2.4885,-0.9641,0
4734,-100,-2.4265,-0.83503,0
4476,-100,-3.1681,-1.0616,0
4242,-100,-9999,-9999,0
3484,-100,-2.6518,-0.88457,0
3147,-100,-2.407,-0.53399,0
3139,-100,-3.4911,-1.3435,0
71263,-1.5315,-2.8358,-1.3478,0
66064,-1.3554,-2.2908,-0.90363,0
47443,-1.3118,-2.7488,-1.0856,0
39976,-1.6435,-2.2266,-0.69021,0
33695,-100,-2.2066,-1.2394,0
28275,-100,-2.5499,-1.0528,0
27533,-1.1139,-2.4751,-1.1315,0
22547,-100,-2.1737,-0.55828,0
16844,-1.2788,-3.0798,-1.5083,0
16479,-1.3424,-2.6734,-1.0985,0
13454,-100,-1.4722,-0.22348,0
10872,-100,-2.6101,-1.3077,0
5125,-100,-3.1599,-1.1189,0
4803,-100,-3.8519,-2.111,0
4277,-100,-2.8985,-0.65469,0
3550,-100,-3.8456,-2.0883,0
2.7916e+05,-2.4548,-2.3174,-0.90372,0
1.5817e+05,-1.8976,-2.6135,-0.82785,0
1.3214e+05,-1.8261,-2.4396,-0.84,0
63755,-100,-2.6569,-0.83078,0
60354,-100,-2.7721,-0.89417,0
39050,-1.6532,-2.2686,-0.70792,0
38281,-1.7076,-2.6263,-0.70988,0
37791,-100,-2.7297,-0.71046,0
32621,-100,-2.7469,-1.0624,0
31662,-1.5051,-2.2822,-0.39159,0
27047,-100,-2.2616,-0.67551,0
23768,-100,-3.219,-0.97545,0
7861,-100,-3.4919,-1.3383,0
7793,-100,-2.3461,-0.20759,0
6475,-100,-2.4376,-1.1413,0
5904,-100,-2.3944,-0.91398,0
4092,-100,-3.3052,-1.0975,0
3598,-100,-2.1006,-0.66562,0
3058,-100,-2.7138,-0.9469,0
3.2779e+05,-1.9058,-2.2802,-0.51341,0
2.841e+05,-2.4487,-2.3678,-0.62026,0
2.5918e+05,-2.4281,-2.334,-0.80634,0
1.1575e+05,-1.3579,-2.4824,-0.71031,0
77728,-100,-2.6061,-0.64478,0
75751,-100,-2.4051,-0.86292,0
73717,-100,-2.7755,-0.84129,0
21678,-100,-2.3753,-0.7907,0
9435,-100,-3.2287,-1.0099,0
8411,-100,-2.2349,-0.40111,0
6821,-100,-2.8903,-0.84263,0
6257,-100,-2.9061,-0.80345,0
5943,-100,-2.4566,-0.95182,0
5874,-100,-2.8254,-0.87805,0
5469,-100,-2.8291,-0.88505,0
71886,-1.7924,-2.1978,-0.90944,0
49442,-100,-2.7616,-0.76258,0
45525,-1.3802,-2.3599,-0.67985,0
44647,-100,-2.4898,-0.65166,0
35583,-100,-2.5035,-1.118,0
30204,-100,-3.0594,-0.29077,0
28114,-1.415,-2.79,-1.0332,0
18624,-100,-2.6846,-0.88465,0
15077,-0.8451,-2.663,-1.1302,0
13179,-100,-2.7718,-1.1509,0
12607,-100,-2.5228,-1.2395,0
12517,-0.69897,-3.1065,-0.78741,0
11603,-100,-3.6909,-0.50075,0
10822,-100,-2.724,-0.93813,0
8364,-0.90309,-3.1151,-1.2565,0
7228,-100,-2.8756,-1.0509,0
6435,-100,-1.9098,0.72327,0
6022,-100,-3.598,-1.4161,0
5432,-100,-4.5072,-1.0306,0
4737,-100,-3.4066,-1.127,0
4617,-100,-2.5283,-1.1959,0
4347,-100,-3.1802,-0.93367,0
3762,-100,-2.4846,-0.77292,0
3597,-0.77815,-3.0731,-0.42529,0
3191,-0.69897,-3.4982,-0.5077,0
36455,-100,-2.4183,-0.92685,0
31383,-100,-2.7033,-0.99842,0
24849,-100,-2.6519,-1.0585,0
24491,-1.0969,-2.5806,-0.858,0
24188,-100,-2.1848,-0.98612,0
22737,-100,-2.8788,-1.1841,0
21905,-100,-2.6476,-1.1968,0
21659,-100,-2.9651,-1.1502,0
20172,-100,-2.6881,-1.2592,0
18347,-1.2304,-2.6329,-1.2144,0
18218,-100,-3.1192,-0.96186,0
18200,-100,-2.4011,-1.0027,0
15863,-100,-2.7939,-0.88876,0
14578,-100,-1.9902,-0.70162,0
12284,-100,-3.0625,-0.74887,0
7877,-100,-2.529,-1.1015,0
7227,-100,-3.1843,-1.3352,0
6696,-100,-2.2127,-0.97592,0
6280,-100,-3.529,-0.84652,0
4664,-100,-2.3109,-1.2876,0
3926,-100,-3.5213,-1.7187,0
3852,-100,-3.4039,-0.90884,0
3734,-0.77815,-3.2307,-1.1153,0
3409,-100,-3.0263,-1.1521,0
3038,-100,-2.6753,-1.3517,0
2.1881e+05,-1.8261,-2.5939,-1.0611,0
1.1545e+05,-1.3655,-2.2393,-0.5377,0
1.017e+05,-1.2788,-2.9261,-1.213,0
71066,-1.8808,-2.9048,-1.1666,0
67567,-1.9395,-3.0156,-1.154,0
52411,-1.7076,-2.4048,-0.91725,0
47758,-1.6628,-2.6346,-1.1442,0
45015,-1.6902,-2.7269,-1.1494,0
38732,-1.6232,-2.7773,-1.1544,0
22274,-1.0792,-2.277,-0.81389,0
19528,-100,-2.8899,-1.0156,0
18699,-100,-2.1601,-0.90963,0
18043,-1.2553,-2.6361,-1.0993,0
14753,-100,-3.5434,-1.2517,0
13124,-100,-1.4111,-0.12075,0
12833,-100,-3.11,-1.3032,0
7378,-100,-2.2188,-0.62573,0
5722,-100,-2.3933,-0.93472,0
5152,-100,-3.1227,-1.1411,0
4694,-100,-2.1116,-0.99304,0
4609,-100,-3.29,-1.5516,0
4110,-100,-3.0439,-1.2532,0
3893,-100,-3.5177,-1.3061,0
3854,-100,-3.5133,-1.596,0
1.9018e+05,-1.4337,-2.4531,-0.89772,0
1.2453e+05,-1.5984,-2.5971,-1.0685,0
67974,-1.9243,-2.4351,-1.0909,0
55554,-1.4624,-2.3071,-0.91797,0
51612,-1.7076,-2.0255,-0.31891,0
49882,-0.45513,-1.6203,1.7056,1
48248,-1.1139,-2.1013,-0.24636,0
44438,-100,-2.9446,-1.0941,0
39852,-1.3424,-2.5043,-0.74927,0
38963,-100,-2.8553,-1.1233,0
32629,-100,-2.6895,-1.1734,0
30913,-1.2175,-2.7112,-1.186,0
26611,-1.4914,-3.5163,-1.5599,0
21491,-100,-2.7643,-1.0638,0
20948,-100,-2.7207,-1.0811,0
16680,-0.31876,-0.46162,1.7538,1
13039,-100,-2.63,-1.1306,0
8911,-100,-2.2815,-0.59542,0
8703,-100,-1.6811,-0.26768,0
7509,-100,-2.6067,-0.70463,0
5138,-100,-3.161,-0.89399,0
4801,-0.77815,-2.3969,-0.97857,0
4719,-100,-9999,-9999,0
4127,-100,-3.184,-1.41,0
3568,-100,-2.7934,-1.0909,0
1.6693e+05,-1.8513,-2.4824,-0.77228,0
1.0453e+05,-1.716,-2.6268,-0.90393,0
86059,-1.8865,-1.9664,-0.45639,0
83151,-100,-2.4599,-0.93018,0
58892,-100,-2.4442,-0.98325,0
56965,-1.3324,-2.7677,-1.0706,0
51906,-100,-2.2119,-0.95379,0
37647,-0.27036,-0.67516,1.7066,1
22357,-1.3802,-2.4765,-1.0891,0
12586,-100,-3.08,-0.34313,0
12341,-100,-2.3838,-1.0548,0
11638,-100,-2.7628,-0.88068,0
11063,-100,-2.9187,-0.59133,0
9113,-100,-3.3172,-0.35333,0
8192,-0.90309,-2.9377,-0.83627,0
6800,-100,-1.9,-0.35603,0
5817,-100,-2.9931,-0.85075,0
5636,-100,-2.9324,-0.026848,0
5347,-100,-2.4178,-0.98469,0
4944,-100,-2.3984,-0.81811,0
4914,-100,-2.6378,-0.96693,0
4745,-100,-2.0795,-1.1168,0
3689,-100,-9999,-9999,0
3190,-100,-2.5439,-0.45855,0
1.0758e+05,-1.7672,-3.0253,-1.2152,0
1.027e+05,-1.4771,-2.8091,-1.1005,0
88802,-1.4574,-2.4507,-0.92821,0
82037,-1.9345,-2.2905,-0.71474,0
52622,-1.8129,-2.3429,-1.0735,0
43745,-100,-2.9029,-1.0475,0
41683,-1.301,-2.3015,-0.79562,0
34925,-100,-2.8299,-1.119,0
30982,-100,-2.8436,-1.0822,0
30461,-100,-2.5151,-1.0279,0
23500,-1.1614,-2.6237,-1.1827,0
22339,-1.1461,-2.5271,-0.71979,0
22061,-100,-3.0554,-1.4043,0
20578,-100,-3.0406,-1.2436,0
19684,-1.2041,-2.4834,-1.154,0
19296,-100,-3.1603,-1.3812,0
19247,-100,-2.4409,-0.7171,0
17268,-1.1761,-2.4706,-0.9535,0
13460,-100,-2.4734,-1.1542,0
11999,-100,-3.1113,-1.2477,0
11582,-100,-3.0804,-0.99679,0
11220,-100,-2.893,-1.1029,0
9933,-100,-2.4041,-1.0105,0
9218,-100,-2.6508,-1.1518,0
9204,-1.1461,-1.3075,0.037775,0
9121,-100,-2.8134,-0.90992,0
7065,-100,-2.7891,-1.0868,0
6458,-0.41497,-1.5971,0.6761,1
5714,-100,-2.187,1.374,1
5108,-100,-2.8575,-0.89588,0
5092,-100,-1.5198,-0.14903,0
5038,-100,-3.113,-1.4551,0
4785,-100,-2.7991,-1.1492,0
4755,-100,-1.9978,-0.36554,0
4703,-100,-2.4114,-0.59485,0
4197,-100,-1.9041,-0.97272,0
3914,-100,-3.161,-1.1894,0
3685,-100,-3.5608,-1.2256,0
1.1214e+05,-100,-2.9197,-1.0085,0
59754,-100,-2.7353,-0.90298,0
48195,-100,-2.9463,-1.138,0
44615,-1.8325,-2.3331,-0.20671,0
40720,-100,-3.0112,-1.0622,0
34573,-100,-1.8291,-0.54338,0
32422,-100,-2.049,-0.68774,0
31076,-100,-2.3807,-1.1411,0
28115,-100,-2.2258,-1.0428,0
24976,-100,-3.0239,-0.50075,0
22828,-100,-2.5581,-0.96131,0
21298,-1.5798,-2.3001,-1.0952,0
20405,-100,-2.8012,-0.95888,0
19089,-0.39121,-1.7071,1.4018,1
13835,-100,-2.637,-0.94668,0
12693,-100,-2.586,-1.1285,0
12316,-100,-2.2708,-1.1675,0
11735,-100,-2.7485,-1.1066,0
10861,-100,-3.0841,-0.8745,0
10794,-100,-2.6443,-1.0588,0
10137,-100,-2.7916,-1.2669,0
8520,-100,-2.6986,-1.2591,0
7843,-100,-2.951,-0.99642,0
6646,-100,-3.0268,-1.0752,0
6595,-100,-2.7466,-0.95926,0
6557,-100,-2.9871,-1.0566,0
5901,-100,-2.3054,-1.129,0
5048,-100,-3.0132,-1.1472,0
4891,-100,-3.0305,-1.3348,0
4553,-100,-2.6673,-0.94718,0
4288,-100,-3.0245,-0.61099,0
3671,-100,-9999,-9999,0
97772,-0.50595,-1.5088,0.83676,1
43517,-1.1761,-2.1086,0.54497,1
36242,-100,-4.0097,-2.6956,0
35592,-100,-3.744,-2.3671,0
33472,-1.6812,-3.729,-2.3909,0
26603,-100,-3.405,-1.9986,0
25503,-100,-4.4012,-2.9508,0
22831,-1.5185,-3.8522,-2.4828,0
14537,-100,-2.9482,-1.7061,0
12723,-100,-3.5548,-2.2473,0
11805,-0.51188,-1.6775,1.7811,1
11666,-100,-2.6662,-1.436,0
11499,-100,-3.4352,-2.0973,0
10317,-100,-3.6399,-2.2876,0
10313,-100,-3.9408,-2.1927,0
9685,-100,-2.9261,-1.5902,0
8844,-100,-4.02,-2.6523,0
8231,-100,-3.5118,-2.2772,0
7107,-100,-9999,-9999,0
6352,-100,-2.489,-1.4986,0
6300,-100,-3.4257,-2.0851,0
6033,-0.65321,-2.1281,0.094726,1
5413,-0.8451,-3.0288,-1.7059,0
4517,-100,-3.3859,-2.042,0
3895,-100,-3.8859,-2.5643,0
3405,-100,-3.6056,-2.175,0
3217,-100,-4.2798,-2.5266,0
3187,-100,-9999,-9999,0
3075,-100,-1.1652,0.33166,0
3.2585e+05,-2.4472,-2.8848,-0.8875,0
1.8428e+05,-100,-2.3033,-0.36679,0
1.5206e+05,-1.8543,-2.7704,-0.72681,0
1.4038e+05,-1.752,-2.8978,-0.73675,0
1.2839e+05,-2.1303,-2.6136,-0.78411,0
1.157e+05,-2.0128,-2.8362,-0.90414,0
1.1082e+05,-100,-2.7038,-0.77205,0
1.0254e+05,-100,-2.5701,-0.71223,0
91153,-100,-3.0213,-0.90672,0
90920,-1.6021,-2.6284,-0.99261,0
87020,-100,-2.4286,-0.68932,0
73583,-100,-2.7948,-0.86401,0
72763,-100,-2.8577,-0.77335,0
52672,-100,-2.7925,-0.89304,0
46271,-100,-2.5853,-0.76122,0
43409,-100,-2.7588,-0.97007,0
37445,-100,-2.6332,-0.51049,0
35462,-1.6232,-3.1021,-1.0389,0
35363,-100,-3.1449,-0.87012,0
33871,-100,-2.9842,-0.82934,0
33239,-100,-3.0223,-0.66615,0
32453,-0.39794,-0.18432,2.0471,1
26479,-100,-3.733,-1.1629,0
23680,-100,-2.8064,-0.54706,0
19923,-100,-4.1175,-0.46844,0
18872,-1.2553,-2.8991,-0.83848,0
16764,-100,-2.6505,-0.85075,0
13608,-100,-4.4295,-0.69958,0
13500,-100,-2.8273,-0.97067,0
13284,-100,-2.8705,-0.7279,0
12453,-0.28083,-0.23405,1.8638,1
12269,-100,-4.083,-0.60781,0
12176,-100,-1.9653,1.3392,0
11584,-100,-9999,-9999,0
11382,-100,-3.7147,-0.45654,0
10857,-100,-3.24,-0.91569,0
10222,-100,-2.7176,-1.0117,0
9120,-100,-2.8134,-1.0968,0
8862,-100,-3.305,-1.1367,0
8458,-100,-9999,-9999,0
8441,-100,-2.7257,-0.83992,0
8265,-100,-3.1712,-0.52349,0
6627,-100,-2.8778,-1.0065,0
6564,-0.5563,-0.21332,2.1914,1
6519,-100,-9999,-9999,0
6403,-100,-2.6246,-0.94005,0
6382,-100,-3.0211,-0.98123,0
6327,-100,-3.8747,-1.0586,0
6004,-100,-2.3836,-0.54147,0
5418,-100,-9999,-9999,0
5234,-100,-2.935,-1.0216,0
4570,-100,-2.6615,-1.0176,0
4486,-100,-4.1232,-1.4829,0
4425,-100,-1.3236,0.036759,0
4418,-100,-3.7187,-9999,0
3789,-100,-3.1469,-0.62809,0
3625,-100,-3.3775,-0.04637,0
3620,-100,-3.0524,-1.0119,0
3592,-100,-3.4247,-0.5077,0
3587,-100,-1.6274,2.8454,1
3577,-0.52288,-1.9404,1.8322,1
3511,-100,-3.0875,-0.84414,0
3098,-100,-3.0875,-0.66066,0
3017,-100,-3.951,-0.25242,0
59851,-0.40804,-1.5184,0.32203,1
17769,-0.034762,-2.3103,0.47711,1
79991,-100,-2.8481,-0.92259,0
34452,-1.0414,-2.417,-1.0432,0
31962,-0.30103,-1.0638,1.4623,1
31585,-100,-2.655,-1.2097,0
22860,-100,-3.0524,-0.83335,0
22511,-100,-2.6919,-0.70707,0
22233,-100,-2.9405,-1.284,0
21472,-100,-3.4609,-0.75881,0
20561,-100,-3.6084,-0.96507,0
18587,-100,-2.9964,0.29874,0
18432,-1.301,-2.2429,-0.53308,0
17687,-100,-2.746,-0.19522,0
16979,-100,-3.3589,-1.0378,0
16716,-100,-3.7403,-0.92555,0
16490,-100,-2.9897,-1.1937,0
14763,-100,-2.7714,-1.1076,0
14340,-100,-2.8956,-1.2238,0
13668,-100,-2.9351,-0.95981,0
13128,-100,-2.8262,-0.98676,0
12527,-100,-3.0508,-0.57652,0
11951,-100,-3.0437,-1.0069,0
11413,-100,-2.8522,-0.88664,0
10620,-100,-2.9413,-1.1091,0
10597,-100,-3.4552,-0.97145,0
10248,-100,-2.957,-1.037,0
10038,-100,-3.7327,-1.1227,0
9800,-100,-3.0916,-0.8717,0
9771,-100,-3.42,-0.9203,0
9355,-100,-3.1753,-0.74718,0
8816,-100,-2.2334,-0.75651,0
8636,-100,-3.046,-1.3192,0
8252,-100,-3.098,-1.135,0
8077,-0.34242,-0.54171,1.0708,1
8028,-100,-3.4466,-0.4991,0
7590,-100,-3.1086,-1.1635,0
7291,-100,-3.079,-0.87682,0
7149,-100,-4.0246,-0.92452,0
7123,-100,-2.0848,0.039441,0
6995,-100,-1.7382,0.025916,0
6972,-100,-2.7182,-0.1717,0
6752,-100,-3.3715,0.17184,0
6714,-100,-3.5995,-1.3199,0
6356,-100,-2.8122,-1.2853,0
6224,-100,-2.8676,-0.49197,0
6170,-100,-3.4836,-0.95715,0
5760,-100,-3.135,-1.0465,0
5712,-100,-2.8572,-0.6089,0
5670,-0.90309,-3.3219,-1.3036,0
5462,-100,-2.3057,-0.79244,0
5403,-100,-4.2041,-1.3986,0
5124,-100,-3.4821,-0.80873,0
4987,-100,-3.8683,-1.1217,0
4849,-100,-2.8147,-1.1301,0
4789,-100,-3.4527,-1.2365,0
4732,-100,-2.929,-0.57652,0
4690,-100,-3.3645,-0.80469,0
4607,-100,-3.8338,-0.5077,0
4456,-100,-3.5763,-1.4375,0
4030,-100,-3.1737,-1.0466,0
3896,-100,-3.5849,-1.1098,0
3868,-100,-2.7367,-0.5257,0
3832,-100,-3.0135,-0.64878,0
3812,-100,-3.1495,-0.030576,0
3750,-0.12494,-3.0455,0.60145,1
3748,-0.77815,-2.4486,1.3442,1
3637,-100,-3.4881,-1.3557,0
3581,-100,-3.0254,-1.0875,0
3505,-100,-2.5768,-1.204,0
3434,-100,-3.7062,-0.95139,0
3306,-100,-3.9907,-0.83221,0
3261,-100,-9999,-9999,0
3208,-100,-9999,-9999,0
51439,-0.5209,-1.0414,1.5755,1
15125,-100,-3.7481,-1.4666,0
9066,-100,-3.9517,-1.0159,0
8912,-0.47712,-1.3743,2.4522,1
5553,-100,-3.1368,-1.0529,0
3.1965e+05,-2.0828,-3.2441,-0.87715,0
2.5385e+05,-1.5514,-3.1033,-0.86631,0
2.1523e+05,-2.2405,-2.7301,-0.94494,0
1.7349e+05,-1.6092,-2.3294,-0.30522,0
1.4992e+05,-2.017,-3.3896,-0.71705,0
1.301e+05,-1.9445,-3.2316,-0.93142,0
1.2029e+05,-100,-2.5062,-0.66497,0
1.029e+05,-1.4771,-3.2143,-0.80704,0
1.0236e+05,-100,-3.2761,-0.98397,0
1.0021e+05,-1.9138,-3.2562,-0.97126,0
99057,-100,-2.8117,-0.68925,0
94571,-1.8062,-3.426,-0.47872,0
88474,-100,-2.8113,-0.93639,0
85440,-100,-3.4537,-0.63668,0
71226,-1.7634,-2.9614,-0.7571,0
66728,-100,-3.2958,-0.90215,0
64480,-100,-2.7677,-0.4587,0
60556,-1.6128,-3.3267,-0.84329,0
55313,-100,-3.102,-0.68123,0
52413,-100,-3.0703,-0.95883,0
51026,-1.6532,-2.9228,0.51269,0
48850,-100,-2.7729,-0.58237,0
47584,-1.6021,-3.3069,-0.79029,0
46619,-100,-2.7326,-0.33835,0
45685,-100,-3.2069,-0.91854,0
39743,-100,-3.4632,-0.73417,0
37813,-0.95424,-3.4751,-0.94084,0
37482,-100,-2.9313,-0.95446,0
36908,-100,-3.0563,-1.1479,0
34725,-100,-3.2412,-0.98455,0
34171,-1.415,-3.0366,-0.73787,0
32695,-100,-3.2616,-0.84412,0
32617,-100,-3.4471,-0.58618,0
31767,-100,-2.8612,-0.49809,0
30850,-100,-3.6597,-0.53118,0
30758,-100,-3.497,-0.95319,0
30327,-100,-3.1539,-0.97344,0
29975,-100,-2.5442,-0.58723,0
29409,-1.3617,-4.0106,-0.86208,0
27432,-100,-3.3534,-1.2243,0
25734,-100,-3.3906,0.20551,0
24531,-100,-2.4495,-0.63876,0
24438,-1.4314,-2.0523,-0.052468,0
23425,-1.1461,-3.4018,-0.23139,0
22858,-100,-3.299,-0.51053,0
19655,-100,-3.4749,-0.7288,0
16998,-100,-3.4714,-0.3837,0
16731,-100,-2.8821,-1.0216,0
16013,-100,-3.1509,-0.55989,0
15638,-100,-3.2946,-0.76331,0
14399,-100,-3.5506,-0.98482,0
13857,-100,-2.8888,-0.1852,0
13215,-1.2304,-4.8928,-1.1969,0
11673,-100,-3.6636,-0.87705,0
11617,-100,-3.2935,-0.55839,0
11085,-100,-9999,-9999,0
10759,-100,-2.3005,-0.43918,0
10452,-100,-3.8374,-0.37736,0
10391,-100,-3.7891,-9999,0
10091,-100,-3.3614,-0.56336,0
9967,-100,-3.2147,-0.84349,0
9526,-100,-3.9732,-0.63264,0
9317,-100,-3.4407,-0.74379,0
9207,-100,-3.7366,-0.87567,0
9142,-100,-3.2284,-0.7839,0
9062,-100,-2.5805,-1.0732,0
8657,-100,-3.5338,-1.0325,0
8650,-0.36798,-4.2321,0.62264,0
8130,-100,-4.382,-1.4108,0
8086,-100,-2.4201,-0.43765,0
7335,-100,-3.4618,-0.60267,0
6488,-100,-3.5054,-0.74379,0
6211,-100,-9999,-9999,0
6159,-100,-3.1148,-0.93367,0
6058,-100,-2.591,-0.84155,0
5898,-100,-3.2879,-1.2446,0
5778,-100,-2.1821,-0.81785,0
5675,-100,-9999,-9999,0
5535,-100,-2.7674,-0.22357,0
5325,-100,-3.3527,-0.5077,0
5050,-100,-3.0286,-0.71052,0
5021,-100,-9999,-9999,0
4898,-100,-2.8392,-0.58534,0
4893,-100,-4.4622,-1.4108,0
4774,-100,-3.9742,-0.58148,0
4750,-100,-3.972,-1.0495,0
4617,-100,-3.7379,-0.72372,0
4433,-0.47712,-2.9421,-1.0531,0
4430,-100,-3.5158,-0.59485,0
4399,-100,-3.1371,-1.0629,0
4033,-100,-4.0773,-0.030576,0
3761,-100,-9999,-9999,0
3623,-0.60206,-3.8544,-0.49131,0
3597,-100,-3.6294,-0.80873,0
3585,-100,-4.0259,-0.33161,0
3549,-100,-4.3224,-0.15551,0
3520,-100,-3.4159,-1.2301,0
3337,-100,-3.8187,-0.75757,0
3318,-100,-3.6913,-0.55345,0
3293,-100,-3.5911,-1.1929,0
3253,-100,-3.9837,-1.0586,0
3113,-100,-3.4875,-0.80873,0
59566,-100,-2.912,-0.87076,0
34188,-100,-2.3668,-1.1695,0
33633,-1.2788,-2.8893,-0.52626,0
33370,-100,-3.3613,-0.97613,0
28552,-0.52288,-0.052205,1.7764,1
27253,-0.74036,-1.0718,2.3522,1
23724,-100,-3.2392,-0.58549,0
21856,-100,-2.7072,-1.0811,0
19596,-100,-3.3243,-1.1163,0
18771,-100,-2.9778,-1.3869,0
17714,-100,-3.0813,-0.90619,0
15905,-100,-3.275,-1.2354,0
14289,-100,-3.0642,-1.1137,0
13874,-100,-3.2615,-0.58688,0
13840,-100,-3.1428,-1.2577,0
13095,-100,-3.0203,-1.0579,0
12692,-100,-3.0767,-1.087,0
12449,-100,-3.9134,-1.2056,0
12172,-100,-1.8184,-0.51948,0
12046,-1.2041,-4.8539,-1.2524,0
11799,-100,-3.3392,-0.57722,0
11661,-100,-3.4413,-0.84924,0
11081,-100,-2.6497,-0.91118,0
11070,-0.95424,-2.9778,-1.3696,0
10819,-100,-3.0432,-1.0375,0
10566,-1.1461,-1.6988,-0.15256,0
10336,-100,-3.1336,-1.5162,0
10155,-100,-3.5004,-0.88108,0
9946,-0.24988,-0.1696,1.5095,1
9726,-100,-3.9153,-0.63264,0
8993,-100,-3.0732,-1.0068,0
8796,-100,-4.1146,-1.3923,0
8208,-100,-3.7325,-1.2466,0
8119,-100,-4.0799,-1.1217,0
8072,-100,-3.6795,-0.86732,0
7945,-100,-3.0928,-0.71875,0
7577,-100,-3.953,-1.0476,0
6924,-100,-3.033,-1.06,0
6859,-100,-3.3077,-0.87774,0
6694,-100,-1.8523,-0.45907,0
6526,-100,-3.0686,-1.136,0
5745,-100,-4.5317,-1.3169,0
5695,-100,-3.0808,-1.0547,0
5675,-100,-2.893,-1.2397,0
5662,-100,-2.6064,-1.2812,0
5646,-100,-9999,-9999,0
5564,-100,-3.4039,-0.20294,0
5485,-100,-3.3655,-0.95139,0
5310,-100,-3.0826,-1.1877,0
5233,-100,-9999,-9999,0
5146,-100,-3.5809,-1.3579,0
5025,-100,-3.5194,-0.94557,0
4963,-100,-3.389,-1.4217,0
4809,-100,-9999,-9999,0
4710,-100,-3.0476,-0.49397,0
4645,-100,-3.6613,-1.4207,0
4490,-0.47712,-3.7257,-0.78898,0
4467,-100,-2.3052,-0.046843,0
4436,-0.47712,-1.2578,2.4041,1
4389,-100,-3.3357,-1.3482,0
4255,-100,-3.36,-0.40416,0
4238,-100,-2.5304,-1.1631,0
4114,-100,-3.6878,-0.38596,0
3971,-100,-4.3716,-1.386,0
3866,-100,-2.7577,-1.2096,0
3834,-100,-3.578,-0.90241,0
3821,-100,-9999,-9999,0
3750,-100,-3.7444,-0.48287,0
3453,-100,-9999,-9999,0
3380,-100,-3.8243,0.62264,0
3337,-100,-3.2958,-0.373,0
3172,-100,-4.2741,-0.55345,0
3158,-100,-3.4937,-0.68912,0
3116,-100,-3.09,-0.72372,0
3087,-100,-2.8641,-0.79897,0
3068,-100,-2.2259,-1.0807,0
3053,-100,-2.3651,-1.0065,0
3044,-100,-9999,-9999,0
3035,-100,-4.2549,-0.33161,0
3029,-0.95424,-0.91392,1.9669,0
3025,-100,-4.2534,-1.0586,0
3022,-100,-9999,-9999,0
1.2232e+05,-100,-2.6816,-0.76908,0
1.1626e+05,-100,-2.8639,-0.73601,0
1.0058e+05,-100,-3.3684,-0.96514,0
70130,-100,-2.9547,-0.96741,0
65959,-100,-3.0812,-0.75875,0
65596,-100,-3.1469,-1.0337,0
61854,-100,-3.1214,-0.92322,0
59214,-100,-3.1233,-0.81831,0
54154,-1.7076,-2.5601,-0.48302,0
50382,-100,-3.3194,-0.71535,0
48917,-100,-2.7247,-1.0853,0
45882,-100,-3.3586,-0.926,0
45624,-100,-3.233,-0.85886,0
43554,-100,-2.5633,-0.8166,0
43455,-100,-3.2315,-0.59563,0
41717,-100,-3.186,-1.0503,0
40971,-100,-2.7659,-0.74257,0
40258,-100,-3.4428,-1.0677,0
39188,-100,-2.9154,-1.1505,0
38991,-100,-3.5183,-0.59372,0
38584,-100,-3.3418,-0.75914,0
38173,-100,-3.5282,-0.86219,0
37676,-100,-2.9775,-1.0266,0
37227,-100,-3.017,-0.92851,0
37029,-100,-3.4777,-0.67511,0
33903,-100,-3.2941,-1.0018,0
32909,-100,-3.2942,-0.71497,0
31498,-100,-2.833,-1.0703,0
30153,-100,-2.847,-1.0345,0
30030,-1.3617,-3.2126,-0.95819,0
28754,-100,-3.2312,-0.65589,0
28638,-0.77003,-1.3102,1.7702,1
28198,-100,-2.0583,-0.11354,0
27910,-100,-3.3549,-0.84364,0
27444,-100,-2.7732,-1.2235,0
27258,-1.4771,-2.7381,-0.99988,0
26771,-100,-2.7158,-0.91189,0
25011,-1.3617,-3.3255,-0.62323,0
24990,-100,-3.1971,-1.0849,0
24355,-100,-3.487,-0.69024,0
23591,-100,-2.3671,-0.38788,0
22616,-100,-3.2026,-1.1614,0
22137,-100,-3.6704,-0.2334,0
21805,-100,-3.1472,-0.83419,0
21256,-100,-2.8569,-1.0986,0
17810,-1.1461,-3.1481,-0.86872,0
17759,-100,-3.1411,-0.58539,0
17420,-100,-3.6913,-0.47675,0
17290,-100,-3.0418,-0.86373,0
16214,-100,-3.1373,-0.16167,0
16091,-100,-2.9538,-0.64276,0
15013,-100,-3.4865,-0.59348,0
14990,-100,-3.325,-0.99316,0
14082,-100,-3.143,-0.86521,0
13418,-100,-3.0489,-0.45348,0
12479,-100,-3.4707,-1.1432,0
11908,-100,-3.4333,-0.9108,0
10988,-100,-3.6093,-0.53686,0
10971,-100,-2.9435,-1.1451,0
10069,-100,-3.7755,-0.2347,0
10009,-100,-3.4111,-0.90606,0
9399,-100,-3.9005,-0.96843,0
8905,-100,-3.518,-0.73315,0
8696,-100,-3.3316,-1.1207,0
8526,-100,-2.5665,-0.86913,0
8345,-100,-3.1754,-0.51206,0
8199,-100,-3.1677,-0.58148,0
8171,-100,-3.5708,-0.85448,0
7877,-100,-3.9699,-0.63264,0
7603,-100,-2.9907,-1.0191,0
7513,-100,-3.8701,-1.137,0
6920,-100,-3.3116,-0.61036,0
6800,-100,-4.1278,0.020577,0
6587,-100,-2.9099,-1.2784,0
6236,-100,-3.9653,-1.0083,0
6135,-100,-3.4463,-1.1767,0
5996,-100,-2.2179,-0.43903,0
5856,-100,-3.4609,-0.7753,0
5476,-100,-3.5109,-1.0613,0
5348,-0.69897,-2.9096,1.2595,0
5346,-100,-9999,-9999,0
5338,-100,-3.5456,-0.58148,0
5260,-100,-3.3473,-0.44872,0
5170,-100,-4.1851,-1.2524,0
5114,-100,-2.8378,-1.0131,0
5108,-100,-1.8743,1.2467,0
5043,-100,-3.1134,-0.48398,0
4970,-100,-3.6237,-0.88445,0
4855,-0.54407,-3.1799,-1.1701,0
4636,-0.60206,-2.2427,2.0404,1
4400,-100,-2.9108,-0.70344,0
4366,-100,-2.7893,-0.83654,0
4097,-100,-4.3851,-1.2695,0
3792,-100,-1.6481,-9999,0
3415,-100,-4.3063,-0.89588,0
3373,-100,-2.9783,-0.36477,0
3353,-100,-3.8208,-0.83976,0
3265,-100,-3.5874,-0.58688,0
3145,-100,-3.9691,-0.45654,0
3095,-100,-3.5642,-0.26946,0
3077,-100,-9999,-9999,0
1.7642e+05,-1.48,-2.9804,-0.66485,0
1.5192e+05,-1.7782,-2.9759,-0.88825,0
1.3227e+05,-100,-3.075,-0.99133,0
1.154e+05,-100,-3.043,-1.0975,0
84928,-100,-3.0341,-0.9296,0
84613,-1.6232,-2.8661,-0.98745,0
80230,-100,-2.5679,-0.62833,0
77698,-1.8808,-2.6083,-0.61849,0
77341,-100,-2.0287,-0.34267,0
69094,-1.6902,-2.6825,-1.0938,0
51455,-100,-2.8829,-0.43593,0
44267,-100,-2.9668,-1.0148,0
42672,-100,-2.7523,-0.78465,0
42558,-100,-2.1298,-0.25617,0
37738,-100,-2.8127,-0.81138,0
31726,-100,-3.0486,-0.63177,0
29910,-0.35655,-1.1262,2.2464,1
29220,-1.301,-3.3631,-0.9876,0
27224,-100,-2.945,-1.0908,0
26662,-100,-2.8092,-1.031,0
26317,-100,-2.881,-1.0078,0
26262,-100,-3.2675,-1.1106,0
25651,-0.46736,-1.7427,1.7648,1
24469,-1.3802,-3.6559,-0.89834,0
23833,-100,-2.8801,-0.54687,0
23420,-100,-2.8725,-0.57531,0
23282,-1.1139,-3.6481,-0.19563,0
22248,-100,-3.3874,0.051834,0
22170,-100,-3.136,-0.7939,0
22139,-100,-3.7197,-0.96169,0
21830,-100,-2.9812,-0.59044,0
21705,-100,-3.4756,-0.64915,0
21271,-0.45864,-1.0939,1.3417,1
20255,-100,-3.0922,-0.7491,0
20148,-100,-2.9464,-0.98494,0
20114,-100,-3.6136,-0.90263,0
19725,-100,-3.2479,-0.98433,0
18324,-100,-3.1842,-1.1348,0
18121,-100,-2.5421,-0.90876,0
17219,-1.2553,-2.9671,-0.76297,0
16715,-100,-3.098,-0.97887,0
16528,-0.58358,-1.2622,1.8873,1
16460,-100,-2.6857,-0.97355,0
15756,-100,-4.1918,-1.6266,0
15551,-100,-2.2137,-0.11639,0
14439,-100,-2.8713,-0.73926,0
13967,-100,-2.6457,-0.35496,0
13700,-100,-2.9798,-0.17304,0
12745,-100,-3.0028,-0.46797,0
12292,-100,-4.3851,-9999,0
11943,-100,-2.9575,-0.90291,0
10168,-100,-3.0637,-1.2044,0
9787,-100,-3.3652,-0.7094,0
9704,-100,-2.8961,-0.13729,0
9473,-100,-3.6698,-1.0471,0
9355,-100,-3.4882,-0.99889,0
9346,-100,-3.199,-0.9168,0
9291,-100,-3.3092,-0.13069,0
9281,-100,-3.3421,-0.64967,0
9065,-100,-2.0113,-0.4786,0
8856,-100,-3.1069,-0.47723,0
8605,-100,-3.385,-0.65284,0
8568,-0.8451,-4.4045,-1.0448,0
8428,-100,-3.0961,-0.79773,0
7477,-100,-4.3449,-0.72955,0
7431,-100,-2.3011,-0.9277,0
7332,-0.8451,-2.6554,-1.0941,0
7065,-100,-4.1445,-0.80873,0
6602,-100,-3.115,0.54346,0
6329,-100,-4.2725,-0.39855,0
6300,-100,-3.7267,-0.28814,0
6101,-100,-2.7517,-1.0369,0
5678,-100,-2.9034,-0.28431,0
5547,-100,-2.9851,-0.47834,0
5102,-0.60206,-2.2761,2.3496,1
4865,-100,-3.0282,-0.85769,0
4797,-100,-4.1524,-0.93367,0
4540,-0.47712,-1.8696,1.0065,1
4480,-100,-2.0913,-0.53488,0
4274,-100,-9999,-9999,0
4240,-100,-3.7978,-0.29382,0
3896,-100,-9999,-9999,0
3738,-100,-9999,-9999,0
3710,-100,-4.342,-0.55345,0
3695,-100,-4.3401,-0.63264,0
3640,-100,-3.2196,0.21807,0
3548,-100,-3.8453,-0.22246,0
3532,-100,-9999,-9999,0
3514,-0.47712,-4.3179,-1.0006,0
3484,-100,-4.3143,-0.85448,0
3087,-100,-9999,-9999,0
3045,-100,-2.0657,-0.53456,0
1.4965e+05,-1.7404,-3.1573,-1.0117,0
47328,-100,-2.3231,-0.70375,0
41552,-100,-2.8324,-0.81363,0
40954,-100,-2.632,-0.66551,0
40047,-100,-2.9912,-1.1525,0
38399,-1.5185,-2.2984,-0.29629,0
36926,-100,-2.5048,-0.48257,0
34532,-100,-3.0118,-1.2803,0
32691,-100,-2.4084,-1.1239,0
31930,-100,-3.379,-1.1315,0
27147,-100,-3.1493,-0.71875,0
25451,-100,-3.2644,-0.99452,0
24231,-100,-3.0999,-1.1304,0
23837,-100,-3.1203,-0.99624,0
21980,-100,-2.4351,-0.97232,0
21193,-100,-2.9651,-1.0196,0
20152,-100,-3.2135,-1.3948,0
19803,-0.013364,-2.1007,-0.25522,1
14907,-100,-3.7997,-1.3201,0
13691,-100,-3.1027,-1.2046,0
13269,-100,-3.7814,-1.1588,0
12786,-0.063669,-2.8418,-0.17499,1
12604,-0.60206,-1.35,0.41176,1
11722,-100,-3.4435,-0.81638,0
11711,-100,-2.8726,-1.2326,0
11165,-100,-2.4819,-1.0717,0
11005,-100,-3.1151,-1.4433,0
10580,-100,-3.0335,-0.86848,0
10497,-0.028029,-2.6697,-0.19303,1
10401,-100,-2.5416,-0.60521,0
9503,-0.034762,-2.1965,-0.090182,1
9475,0,-1.9335,0.86072,1
9289,-100,-4.1385,-1.9273,0
8968,-100,-2.977,-1.4357,0
8287,-100,-3.0188,-1.2261,0
8140,-100,-3.1149,-1.0282,0
7933,-100,-3.3709,-0.74935,0
7247,-100,-2.9166,-1.3277,0
7054,-100,-2.8575,-1.278,0
6154,-100,-4.2604,-0.55345,0
5996,-100,-3.0063,-1.1611,0
5755,-100,-3.3284,-0.89588,0
5749,-100,-3.4907,-1.2179,0
5457,-100,-3.2084,-0.99121,0
5415,-100,-3.3599,-0.71268,0
5143,-100,-2.7513,-0.84963,0
5083,-0.69897,-4.4789,-1.5705,0
4252,-100,-3.3597,-0.90651,0
4243,-100,-3.4001,-0.28585,0
4225,-100,-2.9669,-1.0596,0
4225,-100,-3.6993,-0.51724,0
4032,-100,-3.5329,-1.0468,0
3796,-100,-2.2873,-1.0122,0
3609,-100,-4.0287,-1.1555,0
3557,-100,-2.6515,-1.0451,0
3409,-100,-3.46,-0.73366,0
3195,-0.60206,-3.578,-0.10976,0
3133,-100,-9999,-9999,0
3127,-100,-3.7905,-0.82452,0
3078,-100,-3.6587,-1.3795,0
3029,-100,-3.7767,-0.58148,0
1.4935e+05,-2.1335,-2.7628,-0.69583,0
1.1288e+05,-100,-2.6542,-0.72313,0
80423,-100,-3.1823,-0.94721,0
74765,-100,-2.9551,-0.62983,0
72856,-1.7076,-3.4308,-0.72518,0
72133,-1.6232,-3.4158,-1.0648,0
63956,-100,-2.9561,-0.40662,0
60346,-100,-3.5039,-0.55655,0
56693,-100,-3.225,-0.37366,0
53228,-100,-3.4304,-0.88632,0
52784,-100,-3.3189,-0.60576,0
52119,-100,-2.6732,-0.78026,0
49831,-100,-3.3086,-0.88429,0
48896,-100,-2.9593,-0.86567,0
48757,-100,-3.3886,-1.0227,0
46539,-100,-1.8127,-0.3183,0
46317,-100,-3.5406,-1.0827,0
45798,-100,-3.0531,-0.9401,0
42633,-100,-3.0559,-1.0709,0
42333,-100,-3.426,-1.0256,0
41141,-100,-3.0424,-1.1212,0
41104,-100,-2.918,-1.0502,0
39559,-0.55815,-1.4351,1.5723,1
39340,-100,-2.9186,-1.1127,0
38683,-100,-3.4735,-0.48121,0
38572,-100,-3.2943,-0.62508,0
38392,-100,-3.2044,-0.94299,0
36189,-100,-2.3425,-0.43272,0
35913,-100,-3.8964,-0.83642,0
33043,-100,-3.2052,-0.91827,0
33039,-100,-2.5395,-0.46867,0
31711,-100,-3.0257,-1.0532,0
31244,-100,-3.4543,-0.805,0
30764,-100,-3.2074,-0.90658,0
30546,-100,-3.3766,-0.77849,0
30521,-100,-3.5758,-0.65896,0
30384,-100,-3.2465,-0.65544,0
25710,-100,-2.9201,-0.64741,0
25220,-100,-2.8754,-0.9701,0
24855,-100,-2.81,-0.71456,0
24610,-100,-3.5954,-0.66468,0
24455,-100,-3.6837,-0.88251,0
23062,-100,-3.9892,-0.37111,0
22940,-100,-1.9684,-0.077758,0
22301,-1.1461,-3.3965,-0.8204,0
22026,-1.4314,-3.7537,-0.67745,0
21217,-1.301,-2.2783,-0.4549,0
20203,-100,-3.1485,-0.8898,0
19840,-100,-3.0788,-1.1323,0
19473,-100,-2.965,-0.87946,0
19273,-100,-2.8452,-0.94093,0
19245,-100,-3.143,-0.89395,0
18888,-1.2788,-2.5159,-0.95691,0
17955,-100,-2.7836,-1.1319,0
17321,-100,-2.6308,0.57634,0
16465,-100,-3.273,-0.29684,0
15211,-100,-2.946,-1.0087,0
15054,-100,-3.0809,-1.0259,0
14956,-100,-3.2941,-0.51514,0
14954,-100,-2.3767,-0.89694,0
14447,-100,-2.978,-0.83776,0
14251,-100,-3.5461,-0.73672,0
14137,-100,-3.2507,-0.89839,0
13972,-100,-3.5198,-0.78696,0
13736,-100,-2.6115,-0.76111,0
13708,-100,-2.9182,-0.77121,0
13602,-100,-3.4911,-0.19539,0
13476,-100,-3.2788,-0.74445,0
13290,-100,-2.9984,-0.71653,0
13044,-100,-3.6838,-0.56418,0
12856,-100,-3.5805,-0.78898,0
11561,-100,-3.1453,-0.91557,0
10935,-100,-3.4891,-0.6658,0
10858,-100,-2.9757,-0.54702,0
10620,-100,-3.091,-1.0696,0
10361,-100,-2.4804,-0.33798,0
10202,-100,-3.5259,-1.2152,0
10046,-100,-3.544,-0.72095,0
10030,-100,-3.4516,-0.12333,0
9737,-100,-3.7195,-0.4663,0
9354,-100,-3.5973,-0.83221,0
9266,-100,-2.9332,-1.0658,0
9200,-100,-2.8612,-0.52473,0
9165,-100,-3.5885,-0.75368,0
8746,-1.2041,-2.1036,0.99275,0
8480,-100,-2.945,-1.0321,0
8298,-100,-2.6703,-0.96555,0
8197,-100,-3.1421,-0.59822,0
8054,-100,-3.3361,-0.5077,0
7769,-100,-2.4642,0.27229,0
7609,-100,-3.8756,-1.0006,0
7513,-100,-2.5212,-1.0098,0
7324,-100,-3.8591,-0.6204,0
7292,-100,-4.6345,-1.386,0
7276,-100,-2.894,-0.85131,0
7167,-100,-3.2476,-0.76431,0
6847,-100,-2.5746,-0.91308,0
6634,-100,-4.2933,-0.55345,0
6339,-100,-3.1121,-0.40069,0
6272,-100,-3.4238,-1.0326,0
6033,-0.39794,-1.3527,1.4113,1
5982,-100,-3.4032,-0.54087,0
5981,-100,-2.7363,-0.25109,0
5964,-0.81291,-1.4378,0.49686,0
5917,-100,-3.6995,-0.74975,0
5867,-100,-3.5409,0.14552,0
5671,-100,-2.9134,-1.0369,0
5637,-100,-3.1085,-1.003,0
5562,-100,-2.9736,-0.2189,0
5258,-100,-3.3472,-0.35181,0
5245,-100,-2.8488,-1.1485,0
5206,-100,-3.489,-0.54468,0
5124,-100,-9999,-9999,0
4824,-100,-3.5016,-0.99715,0
4824,-100,-3.8538,-1.2018,0
4800,-100,-4.1524,-0.030576,0
4754,-100,-2.541,-1.188,0
4648,-100,-2.8377,0.3326,0
4586,-100,-2.1835,-1.0283,0
4518,-100,-3.5823,-0.050779,0
4502,-100,-2.6625,0.73285,0
4286,-100,-3.0243,-1.0045,0
4246,-100,-4.0996,-0.33161,0
4071,-100,-2.4791,-1.0455,0
4045,-100,-2.3112,1.0676,0
3909,-100,-2.9843,-0.56063,0
3780,-100,-9999,-9999,0
3762,-100,-3.2687,-0.11773,0
3754,-100,-3.3927,-0.60781,0
3718,-100,-3.6438,-9999,0
3711,-100,-3.1115,-0.30528,0
3661,-100,-3.734,-0.030576,0
3653,-100,-3.432,-0.90564,0
3626,-100,-3.6329,-1.095,0
3615,-100,-3.1845,0.51349,0
3440,-100,-3.8319,-0.71979,0
3354,-100,-3.4529,-0.91787,0
3338,-100,-3.597,-0.63264,0
3300,-100,-2.4459,1.3886,0
3275,-100,-4.2874,-0.55345,0
3259,-100,-4.2857,-0.33161,0
3249,-100,-3.1081,-1.1271,0
3108,-100,-3.1858,-1.2115,0
3019,-100,-3.5534,-0.19691,0
3010,-100,-3.0749,-0.36859,0
3002,-100,-4.2503,-0.69958,0
49973,-0.67342,-1.3484,0.78648,1
43492,-1.0607,-1.6663,0.18153,1
35515,-100,-2.709,-0.75757,0
28868,-100,-3.5701,-0.9559,0
26828,-0.50515,-1.5678,0.46302,1
14854,-0.47712,-1.2513,0.86587,1
8518,-100,-3.5889,-1.4052,0
6823,-100,-3.7034,-0.73672,0
5765,-100,-3.8343,-0.53573,0
5438,-100,-3.2526,-0.95715,0
5235,-100,-3.7132,-0.33161,0
4994,-0.8451,-3.5678,-1.5705,0
4266,-100,-1.832,-0.5976,0
3901,-100,-3.0414,-1.1189,0
3538,-100,-3.1451,-0.32185,0
1.5422e+05,-2.1367,-2.7484,-0.62745,0
1.3101e+05,-100,-2.9502,-0.6056,0
1.1612e+05,-1.9956,-3.3295,-0.59016,0
1.0261e+05,-100,-3.2096,-0.9687,0
1.015e+05,-1.8451,-3.5261,-0.61362,0
86895,-100,-2.6542,-0.55101,0
82500,-100,-3.1172,-0.92216,0
80351,-100,-2.6943,-0.87606,0
76543,-100,-3.3004,-0.90466,0
74757,-1.7324,-2.9997,-0.81057,0
68960,-100,-2.4766,-0.47784,0
67983,-100,-2.9674,-0.8341,0
66705,-1.5051,-2.8765,-0.83805,0
60885,-1.6812,-3.0055,-0.70923,0
60594,-100,-3.6154,-0.52563,0
58781,-100,-3.2937,-0.56172,0
58307,-100,-3.1918,-0.81046,0
56476,-100,-3.3122,-0.94894,0
55109,-1.6721,-2.8823,-0.94237,0
54947,-100,-3.1964,-0.85133,0
54717,-100,-3.3803,-0.63531,0
54535,-100,-2.8697,-0.92638,0
53784,-100,-2.9704,-0.66474,0
53123,-1.699,-2.6362,-0.79791,0
50113,-100,-2.9769,-1.1316,0
47866,-1.2041,-2.7466,0.59131,0
47517,-100,-3.3126,-0.64922,0
44969,-1.6128,-2.626,-0.88689,0
44501,-100,-3.0687,-0.75588,0
44087,-100,-3.0457,-0.81727,0
43444,-100,-3.4281,-0.45314,0
41625,-100,-3.0171,-0.72327,0
41200,-1.4771,-3.02,-1.0355,0
39623,-100,-3.2498,-0.71026,0
38746,-100,-3.5034,-0.52863,0
38333,-100,-3.2916,-0.67198,0
37441,-100,-3.0558,-0.59424,0
35064,-100,-2.8095,-0.80753,0
34080,-100,-3.4242,-0.74379,0
33767,-100,-3.2798,-0.83546,0
33142,-100,-2.9426,-0.81216,0
32801,-100,-3.3693,-0.50595,0
32108,-100,-2.5286,-0.41911,0
32106,-100,-3.3346,-1.0027,0
31127,-100,-3.3114,-0.61289,0
29364,-100,-3.1647,-0.88547,0
28574,-100,-2.9001,-0.6744,0
28388,-100,-3.1464,-0.85412,0
27307,-100,-3.3892,-0.39478,0
27098,-1.3617,-3.2811,-0.82118,0
26695,-100,-4.0227,-1.6119,0
26530,-100,-3.175,-0.69183,0
25906,-100,-2.9453,-0.50547,0
25540,-100,-2.995,-0.82391,0
25530,-100,-2.4229,-0.0084728,0
25305,-100,-3.6572,-0.74927,0
25234,-1.1461,-3.3052,-1.0138,0
24516,-100,-3.1619,-0.78898,0
23895,-100,-3.164,-0.51607,0
22926,-100,-3.3266,-0.43569,0
21079,-100,-3.3404,0.038067,0
19843,-100,-3.468,-0.7281,0
19263,-100,-3.5257,-0.58782,0
19241,-1.2041,-3.0355,-0.92249,0
18895,-100,-2.7456,-0.88312,0
18242,-100,-3.2701,-0.13638,0
17856,-100,-3.371,-0.82966,0
17731,-100,-3.0918,-0.75885,0
17212,-100,-3.3851,-0.69662,0
17083,-100,-3.8911,-0.97354,0
16691,-100,-2.8247,0.29874,0
16541,-100,-3.2668,-0.92748,0
16316,-100,-2.446,-0.89117,0
16287,-100,-3.1648,-0.88925,0
16176,-100,-3.2653,-0.45235,0
16084,-100,-3.5987,-1.1546,0
15483,-100,-2.7921,-1.1849,0
15260,-100,-3.2078,-0.28814,0
15253,-100,-2.8839,-0.71304,0
14894,-100,-3.1259,-0.65922,0
14793,-100,-3.8633,-0.34351,0
14052,-100,-2.871,0.0644,0
13936,-100,-3.7705,-0.90975,0
13816,-100,-3.5326,0.063329,0
13457,-100,-3.169,-0.96157,0
13277,-100,-3.6915,-0.56418,0
13264,-100,-3.7812,-0.805,0
13192,-100,-2.2951,-0.73232,0
12932,-100,-2.9757,-0.99715,0
12758,-100,-2.4358,0.49109,0
12444,-100,-2.7436,-0.75347,0
12432,-100,-3.3355,-0.1681,0
12270,-100,-2.7821,-0.35509,0
11813,-100,-2.9756,-0.72324,0
11732,-100,-2.4562,-0.28644,0
11645,-100,-3.3762,-0.41739,0
11585,-100,-2.9499,-0.95297,0
11470,-100,-3.4341,-0.54645,0
10999,-100,-3.2953,-1.2358,0
10778,-100,-3.4248,-0.39335,0
10674,-100,-3.1573,-0.48979,0
10500,-100,-2.9072,-0.16665,0
9916,-100,-3.2917,-0.21621,0
9899,-1.0414,-2.397,0.066334,0
9833,-100,-2.3672,-0.20473,0
9710,-100,-3.7597,0.031572,0
9641,-1.0792,-3.2942,-0.79003,0
9486,-100,-3.4708,-0.85448,0
9341,-100,-3.3449,-0.71182,0
9324,-100,-3.897,0.38855,0
9267,-100,-3.5633,-0.093367,0
8960,-100,-3.3098,-0.54672,0
8787,-100,-2.4635,-0.87671,0
8357,-100,-2.2203,-0.22969,0
8230,-100,-3.4574,-0.45011,0
8151,-100,-3.4532,-0.34831,0
7895,-0.90309,-3.9709,0.14552,0
7828,-100,-3.52,-0.35181,0
7629,-100,-3.5758,-0.93064,0
7621,-100,-3.2928,-0.69415,0
7520,-100,-3.2685,-0.5077,0
7237,-100,-3.03,-1.1128,0
7162,-100,-2.9373,-0.73014,0
7150,-100,-2.9547,-0.039719,0
7092,-100,-3.9243,-0.38596,0
6791,-100,-3.4905,-0.86765,0
6502,-100,-2.1824,-1.0391,0
6311,-100,-4.5719,-1.1098,0
6287,-100,-3.1085,-0.51919,0
6266,-100,-4.2684,0.14552,0
6255,-100,-3.3926,-0.18354,0
6162,-100,-2.8994,0.067911,0
6045,-100,-3.7757,-1.4399,0
6023,-100,-2.2448,-1.0914,0
5975,-100,-3.7707,-0.30678,0
5895,-100,-3.7648,0.44655,0
5766,-100,-3.6303,-1.1217,0
5605,-100,-3.919,-0.95139,0
5424,-100,-4.0297,-0.67839,0
5286,-100,-4.4962,-0.75757,0
5245,-100,-9999,-9999,0
5244,-100,-9999,-9999,0
5199,-100,-0.94995,0.086817,0
5195,-100,-3.4467,-0.76248,0
5084,-100,-4.4789,-1.5077,0
5061,-100,-9999,-9999,0
5004,-100,-3.1708,-0.65726,0
4846,-100,-3.7589,-9999,0
4710,-100,-4.4449,-1.3169,0
4681,-100,-3.5397,-0.39855,0
4636,-100,-3.2625,-0.36859,0
4581,-100,-3.2573,-1.1808,0
4529,-100,-3.1732,-0.72632,0
4294,-100,-3.1749,0.53087,0
4286,-100,-3.7056,-0.47773,0
4269,-100,-3.124,0.82221,0
4165,-100,-3.6139,0.078569,0
4120,-100,-2.8689,-1.0926,0
4010,-100,-3.5305,-0.28814,0
3833,-100,-3.1519,-1.0913,0
3807,-100,-3.8759,-0.33161,0
3738,-100,-3.0898,-0.69958,0
3718,-100,-4.3429,-1.0849,0
3599,-100,-3.8515,-0.79234,0
3571,-100,-3.5471,-0.8167,0
3483,-100,-3.7124,-0.097523,0
3395,-100,-3.5252,-0.56769,0
3383,-100,-3.6028,-0.30164,0
3347,-100,-1.676,-0.65458,0
3315,-100,-3.4479,-0.050779,0
3.5066e+05,-100,-2.323,-0.86089,0
95800,-1.3892,-2.2213,-0.45158,0
84335,-100,-2.4577,-0.8369,0
77539,-100,-2.6898,-0.83187,0
70620,-1.8062,-2.4765,-0.7926,0
58100,-1.4472,-1.8939,-0.35533,0
40562,-1.6532,-2.6975,-0.91156,0
38012,-100,-2.5867,-0.7279,0
29606,-100,-2.425,-0.94825,0
24482,-100,-2.0411,-0.38765,0
19404,-1.3979,-2.6148,-0.68072,0
18210,-100,-2.49,-1.0674,0
10762,-100,-2.4278,-0.89869,0
7789,-100,-2.7889,-0.75685,0
5405,-100,-2.3039,-0.66719,0
3350,-100,-2.6641,-0.87711,0
4.55e+05,-2.0792,-2.4605,-0.71383,0
2.7925e+05,-1.8309,-2.5789,-0.64494,0
2.6683e+05,-2.4409,-2.3423,-0.84464,0
1.0752e+05,-1.752,-2.0054,-0.41395,0
89097,-100,-2.3524,-0.56616,0
42506,-1.6335,-2.6397,-0.88465,0
19277,-100,-2.1615,-0.63392,0
7528,-0.23045,-1.0273,0.68035,1
4768,-100,-2.57,-0.36637,0
4400,-100,-2.4968,-0.65639,0
1.4983e+05,-1.8357,-2.7386,-0.68271,0
1.0259e+05,-100,-2.6798,-0.6696,0
87833,-100,-2.8039,-0.5735,0
76988,-100,-2.1726,-0.67458,0
70051,-1.7709,-2.6402,-0.93885,0
69252,-100,-2.4634,-0.8185,0
64684,-100,-2.6539,-0.38566,0
61195,-100,-2.5084,-0.80476,0
58447,-100,-2.0994,-0.45278,0
56507,-100,-2.3191,-0.72913,0
56148,-1.7559,-2.3188,-0.68132,0
54654,-1.7993,-2.4771,-0.76043,0
53785,-100,-2.9065,-0.60483,0
52939,-100,-2.4078,-0.68471,0
52698,-100,-2.6123,-0.65141,0
52442,-100,-2.3726,-0.66909,0
45184,-100,-2.4231,-0.6914,0
44547,-100,-2.7045,-1.0345,0
37988,-100,-2.6336,-0.61857,0
31887,-100,-2.6549,-0.63367,0
27481,-100,-2.3809,-0.66028,0
26666,-100,-2.6256,-0.83428,0
25533,-100,-1.6688,-0.081818,0
23567,-100,-3.0144,-0.32621,0
20125,-100,-3.2909,-0.19626,0
18326,-100,-2.6123,-0.69841,0
17627,-1.2304,-2.4423,-0.67626,0
13368,-100,-2.3386,-0.93006,0
13301,-100,-2.5423,-0.95916,0
13066,-100,-2.9748,-0.45122,0
8059,-100,-2.4407,-0.45149,0
7386,-100,-2.6452,-0.56812,0
6790,-100,-2.7848,-0.70611,0
6693,-100,-2.5117,-0.40461,0
6499,-100,-1.7936,0.46738,0
6326,-100,-3.2514,-0.5493,0
5244,-100,-2.6661,-0.859,0
5193,-100,-3.1262,-0.12623,0
5163,-100,-3.2066,-0.66915,0
5127,-100,-2.2892,0.44101,0
4713,-100,-3.2153,-0.60631,0
4378,-100,-3.1127,-0.43427,0
4266,-100,-2.2819,-0.64078,0
4066,-100,-2.5823,-0.36477,0
3838,-100,-2.8251,0.39824,0
3837,-0.69897,-2.3742,-1.2282,0
3613,-100,-4.3307,-1.0849,0
3425,-100,-3.103,-0.55345,0
3360,-100,-2.3593,-0.932,0
3251,-100,-3.5063,-0.96843,0
3214,-100,-2.6074,0.025222,0
3008,-100,-3.9497,-0.25242,0
41473,-100,-2.0319,-0.21125,0
41309,-100,-2.53,-0.99092,0
40780,-1.5798,-2.3066,-0.54051,0
40694,-100,-2.4582,-1.0133,0
37517,-1.5315,-2.4665,-0.64699,0
33449,-100,-2.3417,-0.66113,0
31228,-1.4771,-2.8639,-0.98195,0
27948,-100,-2.699,-1.0055,0
26620,-100,-2.3729,-0.98722,0
24945,-100,-2.4585,-0.71674,0
23537,-100,-2.4968,-0.91941,0
21680,-100,-2.3786,-0.82711,0
21612,-100,-2.9003,-0.97276,0
20757,-100,-2.5099,-1.1146,0
20539,-100,-2.511,-0.90256,0
20513,-100,-2.4265,-0.7368,0
19420,-1.3802,-2.2366,-0.68904,0
17917,-100,-2.1875,-1.0086,0
17714,-100,-1.9384,-0.25877,0
13885,-100,-2.2109,-0.80374,0
11682,-100,-2.8488,-0.4338,0
10505,-100,-2.324,-0.35963,0
10300,-100,-2.439,-0.9335,0
10122,-100,-2.0676,-0.82633,0
10002,-100,-1.9951,-1.0346,0
9774,-100,-2.0198,-0.8234,0
9681,-100,-2.4341,-0.54135,0
9327,-100,-2.8231,-0.72428,0
9310,-100,-2.7414,-0.80045,0
9160,-100,-3.1009,-0.99039,0
8689,-1.0792,-2.2446,-0.68274,0
8410,-100,-2.973,-0.90106,0
7991,-100,-2.3467,-0.55993,0
7918,-100,-3.2397,-0.80873,0
7413,-100,-2.9893,-0.61121,0
7191,-100,-2.5879,-0.84732,0
7118,-100,-2.1521,-0.39245,0
7009,-100,-2.6591,-0.79745,0
6975,-100,-2.9726,-1.0062,0
6919,-100,-2.372,-0.30678,0
6911,-100,-1.8196,-0.80277,0
6744,-100,-2.0297,-1.0168,0
6668,-100,-2.4535,-1.1476,0
6268,-100,-1.7751,-0.70335,0
6131,-100,-2.2952,-0.69313,0
6066,-100,-2.5301,-0.93909,0
6035,-100,-3.0346,-0.88742,0
5973,-100,-2.553,-0.69072,0
5669,-100,-3.4846,-0.79536,0
5545,-100,-3.1942,-0.96363,0
5498,-100,-3.2339,-0.95231,0
5424,-100,-3.1089,-0.87319,0
5257,-100,-2.5956,-0.97305,0
5166,-100,-2.9058,-0.9308,0
5151,-100,-1.7026,-0.57964,0
4721,-100,-2.627,-1.0736,0
4547,-100,-3.0685,-0.82317,0
4474,-100,-2.7797,-0.54549,0
4293,-100,-2.536,-1.0918,0
4211,-100,-2.3362,-1.0746,0
4089,-100,-2.3671,-0.85781,0
4085,-100,-2.9857,-0.81448,0
3993,-100,-3.5956,-1.1016,0
3983,-100,-2.2793,-1.0735,0
3953,-100,-2.7783,-0.95184,0
3952,-100,-1.6337,-0.39832,0
3898,-100,-2.3102,-0.82466,0
3883,-100,-3.2825,-0.76653,0
3771,-100,-2.6414,-0.044541,0
3731,-100,-2.5734,-0.92059,0
3652,-100,-2.9036,-0.97335,0
3427,-100,-3.1033,-0.94262,0
3253,-100,-2.5066,-0.78814,0
3170,-100,-2.8422,-0.82624,0
1.435e+05,-100,-2.3817,-0.43381,0
1.0668e+05,-100,-2.7196,-0.91885,0
1.0020e+05,-1.6812,-2.5475,-0.73222,0
89603,-100,-2.6272,-0.82968,0
73622,-1.8573,-2.6417,-0.93461,0
70626,-100,-2.3588,-0.90277,0
64952,-100,-2.7406,-0.79626,0
50891,-100,-2.8914,-0.80972,0
44054,-100,-2.6486,-1.0589,0
43940,-1.5563,-3.6024,-0.93533,0
39191,-100,-2.4747,-0.62371,0
37876,-100,-2.6633,-0.8518,0
35584,-100,-2.0869,-0.95265,0
34594,-100,-3.0396,-1.0047,0
32703,-100,-2.4905,-0.84124,0
30882,-100,-2.0074,-0.6292,0
24963,-100,-2.5033,-1.0076,0
23757,-100,-2.282,-0.79261,0
21251,-100,-1.916,-0.41689,0
19501,-100,-2.4759,-0.65493,0
18242,-100,-2.6391,-0.75801,0
17526,-100,-2.995,-0.8921,0
16330,-1.1461,-2.8065,-1.1462,0
14893,-100,-2.5744,-0.96772,0
13857,-100,-2.8314,-0.92246,0
12477,-100,-2.6591,-0.76091,0
12049,-100,-3.0209,-1.0452,0
11875,-100,-2.6887,-0.85176,0
11649,-100,-3.2706,-0.30747,0
10440,-100,-2.9461,-0.73202,0
9292,-100,-3.0685,-0.65073,0
8693,-100,-2.4128,-0.72853,0
8565,-100,-3.0331,-0.21177,0
7045,-0.90309,-2.757,-0.89965,0
6952,-100,-2.6603,-0.83776,0
6389,-100,-2.8967,-0.83221,0
6364,-100,-3.5348,-1.0226,0
5953,-100,-2.6664,0.25548,0
5695,-100,-3.6249,-0.87567,0
5415,-100,-2.3102,-1.1416,0
5318,-100,-2.6721,-0.77035,0
4945,-0.69897,-3.2114,-0.53873,0
4889,-100,-3.9846,-1.0495,0
4706,-100,-3.4451,-0.55345,0
4685,-100,-3.0815,-0.66302,0
4622,-100,-2.8141,-0.8737,0
4528,-100,-3.1979,-0.31423,0
4013,-100,-3.7739,0.44655,0
3683,-100,-2.4522,-0.88602,0
3403,-100,-3.1582,-0.69063,0
3250,-100,-3.6823,-0.48287,0
3052,-100,-3.354,-0.57464,0
54886,-100,-1.9158,-0.38863,0
54076,-100,-2.6008,-1.0271,0
49368,-100,-2.9774,-0.88799,0
42985,-0.49009,-1.9397,1.5509,1
38080,-100,-2.6152,-0.83183,0
36033,-100,-2.8295,-0.88895,0
33537,-1.5315,-2.3794,-1.0923,0
27810,-100,-2.6392,-1.0654,0
23750,-100,-1.9952,-0.56407,0
22110,-100,-2.4207,-0.90616,0
18630,-100,-2.432,-0.83722,0
17334,-100,-2.58,-0.73699,0
16612,-100,-3.1064,-0.85897,0
15202,-100,-2.7783,-0.87622,0
14931,-100,-1.9119,-0.22229,0
12843,-100,-2.3224,-0.96574,0
11237,-100,-2.3934,-1.1213,0
10927,-100,-2.4846,-1.0453,0
9836,-100,-2.5504,-1.0126,0
9161,-100,-2.3063,-0.8305,0
9003,-100,-2.4597,-1.0066,0
8722,-100,-2.2189,-1.2186,0
7804,-100,-2.4343,-1.2213,0
7795,-100,-2.4911,-1.0217,0
7541,-100,-2.5968,-0.95947,0
5936,-100,-2.3906,-0.79571,0
3836,-100,-1.2296,-0.081428,0
3813,-100,-2.6462,-0.92289,0
54197,-1.6902,-2.9775,-0.63027,0
53106,-100,-3.3363,-0.93863,0
46917,-1.6435,-3.0272,-0.91814,0
45947,-1.6902,-3.3484,-1.1098,0
44889,-100,-3.4378,-1.1899,0
35483,-0.85733,-2.8847,-0.89717,0
34638,-1.4624,-2.9158,-0.6895,0
34356,-100,-3.1655,-0.95277,0
34115,-1.6628,-2.4609,-0.087012,0
31747,-100,-3.1375,-1.2221,0
27852,-100,-2.9318,-1.07,0
27730,-100,-2.1424,-1.2262,0
23274,-100,-2.6769,-1.0111,0
22791,-100,-2.5122,-0.5099,0
20483,-1.415,-3.5276,-0.4474,0
20108,-100,-3.1894,-1.208,0
16663,-100,-3.7638,0.074934,0
16220,-100,-3.15,-0.83086,0
15905,-1.0792,-2.5013,-0.48141,0
14463,-0.90309,-3.1002,-1.1779,0
14452,-1.2553,-3.14,-1.5119,0
14380,-100,-2.0971,-1.193,0
12927,-100,-3.9297,-1.4121,0
12260,-1.0414,-2.3654,-1.1686,0
10014,-0.56427,-3.296,-0.88387,0
9207,-100,-3.1455,-0.71826,0
9071,-100,-3.1987,0.2146,0
8741,-0.74036,-3.5679,-0.12333,0
8220,-100,-2.7429,-1.2986,0
7868,-1.0792,-3.1912,0.054435,0
6968,-100,-3.7705,-1.551,0
6957,-0.8451,-3.0586,-1.1091,0
6807,-100,-4.0035,-1.0306,0
6567,-100,-2.9771,-1.1518,0
6365,-100,-2.2541,-1.1258,0
6349,-100,-3.797,-1.4304,0
5886,-0.60206,-1.9884,0.82434,0
5847,-100,-3.6943,-0.8902,0
5590,-100,-2.8966,-1.3126,0
5523,-100,-2.5802,-0.58744,0
5399,-100,-9999,-9999,0
5139,-100,-4.4828,0.14552,0
4890,-100,-3.8597,-0.72955,0
4843,-0.8451,-3.8555,-0.63264,0
4641,-0.77815,-2.7763,-0.91106,0
4205,-100,-3.2201,-0.54172,0
4025,-100,-3.5991,-0.45654,0
3812,-100,-2.6634,-0.736,0
3748,-100,-2.6561,-0.94533,0
3618,-0.69897,-3.4858,-1.455,0
3366,-100,-9999,-9999,0
3252,-100,-2.4853,-0.62918,0
3047,-9999,-9999,-9999,0
3038,-100,-2.8749,-0.15551,0
91695,-100,-2.9913,-0.94673,0
84833,-1.8751,-2.8254,-0.48481,0
71591,-100,-2.5431,-0.89005,0
63224,-1.4393,-3.372,-0.76267,0
52036,-1.2472,-2.8213,-0.56397,0
49677,-100,-3.1633,-0.73918,0
40364,-100,-2.872,-0.22188,0
40045,-100,-2.9008,-1.0823,0
40000,-100,-2.4056,-1.1811,0
35491,-1.4624,-3.3495,-1.1986,0
35385,-100,-3.0883,-0.96074,0
35193,-100,-3.0223,-0.85863,0
32047,-1.3617,-2.9972,-0.83732,0
31490,-100,-3.0154,-0.72077,0
25660,-100,-2.2852,-1.2158,0
24566,-100,-3.1628,-0.87026,0
23329,-100,-3.1447,-1.2054,0
22664,-1.3424,-3.1933,-0.61982,0
22240,-100,-2.9643,-1.0386,0
20958,-100,-2.734,-0.74629,0
20544,-100,-3.2656,-1.1449,0
18205,-100,-2.8991,-1.2438,0
16976,-100,-2.4496,-0.91066,0
16897,-100,-3.0608,-1.0472,0
16621,-100,-3.2449,-0.83221,0
14487,-100,-2.989,-0.6285,0
13855,-100,-3.6836,-0.7943,0
13782,-1.1461,-3.7357,-1.1876,0
13404,-100,-3.0736,-0.92106,0
11061,-100,-3.1631,-0.85352,0
10156,-100,-2.6269,-1.0454,0
8791,-100,-3.4155,0.066334,0
8234,-100,-4.2111,-0.15551,0
7381,-100,-3.6406,-0.63264,0
6245,-100,-3.3919,-1.1835,0
5588,-100,-3.2645,-1.0354,0
5295,-100,-9999,-9999,0
5268,-100,-1.9008,-0.054989,0
4848,-100,-2.9667,-1.0724,0
4677,-100,-4.4425,-1.1555,0
4453,-100,-2.3492,-1.2141,0
4260,-100,-2.6095,-1.0975,0
3837,-100,-2.723,-1.4238,0
3753,-100,-2.8697,-1.1739,0
3690,-100,-3.2256,-0.93367,0
3221,-100,-9999,-9999,0
3196,-100,-4.2774,-0.69958,0
96800,-1.6232,-2.5857,-0.90561,0
96635,-1.8921,-2.6443,-0.39336,0
67233,-100,-2.6196,-0.93781,0
64720,-100,-3.3455,-1.1565,0
63093,-100,-3.0235,-1.0197,0
56414,-100,-2.9006,-0.67653,0
51333,-100,-2.6403,-0.83561,0
50170,-100,-2.6763,-0.81863,0
49234,-100,-2.6432,-0.6465,0
43816,-100,-2.4551,-0.50971,0
41620,-1.5682,-3.0134,-0.95118,0
39146,-100,-2.71,-0.28033,0
37784,-100,-3.3767,-0.71768,0
34898,-100,-2.4199,-0.80323,0
32715,-100,-2.7132,-0.94084,0
30097,-100,-2.308,-0.36557,0
29474,-100,-3.0866,-0.81708,0
28853,-100,-4.0565,-0.90884,0
24632,-100,-1.6477,-0.33647,0
23930,-100,-3.2271,-0.79649,0
23889,-100,-3.3725,-0.44555,0
23713,-1.0212,-3.2841,-0.65203,0
22570,-100,-2.6867,-0.88024,0
22166,-100,-3.3939,-0.93093,0
20949,-100,-3.7512,-0.6456,0
19526,-100,-2.6238,-0.5008,0
17616,-100,-3.0839,-0.94447,0
17373,-100,-2.983,-1.0078,0
16907,-100,-2.8575,-0.54077,0
16125,-100,-3.1876,-1.0245,0
16096,-100,-4.1343,-0.60045,0
15453,-100,-3.0072,-0.49903,0
15322,-100,-3.4526,-0.87567,0
15221,-100,-3.5747,-0.48287,0
14144,-100,-3.2329,-1.03,0
13260,-0.90309,-3.2418,-0.60095,0
13207,-100,-3.3251,-0.72403,0
12422,-100,-2.2087,-1.1592,0
12058,-100,-3.0149,-1.0744,0
11272,-1.0414,-4.8239,-1.6326,0
10946,-100,-2.5613,-0.46739,0
10689,-100,-3.7222,0.11075,0
10303,-100,-9999,-9999,0
9933,-100,-3.2255,-0.32745,0
9792,-1.0414,-3.1613,-1.0255,0
9251,-100,-2.9257,-1.0407,0
8073,-100,-2.74,-0.72788,0
7756,-100,-2.5415,-0.26411,0
7595,-100,-3.0195,-0.59759,0
7097,-100,-3.4774,-0.82563,0
7015,-1,-0.58052,1.2853,0
6668,-100,-2.2073,-0.29269,0
6665,-100,-2.2402,-1.1103,0
6416,-100,-3.7346,-0.98711,0
6027,-100,-4.5528,-0.15551,0
5704,-0.60206,-3.7505,-0.63264,0
5632,-100,-3.4092,-0.53988,0
5580,-100,-2.7062,-1.2572,0
5250,-100,-4.4921,-0.80873,0
5124,-100,-2.5426,-0.88111,0
4979,-100,-3.5665,-1.3828,0
4391,-100,-3.0001,-1.1572,0
4245,-100,-2.909,-1.1198,0
4222,-100,-3.0363,-0.66594,0
4157,-100,-9999,-9999,0
3798,-100,-3.75,-0.57464,0
3582,-100,-4.327,0.14552,0
3484,-100,-4.3143,-1.1969,0
3440,-100,-2.5237,-0.51476,0
3373,-100,-3.8234,-1.4266,0
3318,-100,-3.2934,-0.33161,0
3269,-100,-2.1831,-1.2624,0
3193,-100,-2.078,-0.39855,0
3037,-100,-3.5559,-1.1049,0
63759,-1.7634,-2.96,-0.81807,0
42003,-100,-3.1577,-0.86637,0
39928,-100,-2.8981,-1.0108,0
37130,-100,-2.8551,-1.1134,0
36647,-100,-2.2739,-1.2566,0
36640,-1.4914,-3.3278,-0.85998,0
33093,-1.5185,-2.2723,-0.46108,0
31166,-100,-3.3317,-0.87615,0
29275,-100,-2.4135,-0.24812,0
28700,-1.4314,-3.9516,-0.96667,0
27187,-1.415,-3.0863,-1.2976,0
25558,-100,-2.9445,-0.72786,0
25486,-1.3424,-4.5768,-1.1445,0
25182,-100,-2.4057,-0.40066,0
24274,-100,-3.1845,-1.0808,0
23605,-100,-4.0665,-0.40877,0
23322,-100,-2.848,-1.2013,0
23050,-100,-3.4362,-1.1122,0
21130,-100,-2.3594,-0.85018,0
19098,-100,-2.989,-1.0006,0
19016,-100,-2.9617,-1.0275,0
18286,-100,-4.1314,-0.72225,0
17827,-100,-2.7403,-0.89237,0
16618,-100,-3.5017,-1.3454,0
16611,-100,-4.5157,0.32161,0
16536,-100,-2.6921,-1.0606,0
15067,-100,-2.6833,-0.43735,0
14983,-100,-3.1092,-0.97228,0
14632,-100,-2.974,-1.4753,0
14074,-100,-2.7278,-0.10384,0
12887,-100,-3.2105,-0.99995,0
12709,-100,-2.766,-1.1168,0
12490,-100,-4.1701,0.36736,0
11433,-100,-2.5542,-1.2004,0
11426,-100,-3.6543,-0.76475,0
11384,-100,-2.7834,-1.3591,0
10913,-100,-2.3839,-1.0604,0
9701,-100,-3.0603,-0.96237,0
9522,-100,-4.752,-0.75757,0
8523,-100,-2.9788,-0.48623,0
7454,-100,-3.1677,-0.40675,0
6959,-100,-2.8516,-0.73054,0
6535,-100,-3.2075,-1.2263,0
6445,-100,-3.1667,-0.67504,0
6370,-100,-3.0853,-1.2001,0
5975,-100,-3.2701,-1.2816,0
5709,-100,-2.7582,-1.3022,0
5629,-100,-3.5687,-1.0338,0
5315,-100,-9999,-9999,0
5314,-100,-3.7197,-0.83221,0
5232,-100,-3.8891,-0.48287,0
5097,-100,-2.4886,-1.0818,0
4535,-100,-3.3499,-0.38809,0
4367,-100,-4.4123,-0.33161,0
4271,-0.60206,-3.2269,-0.56488,0
3992,-100,-2.9423,-0.83136,0
3980,-100,-3.1171,-0.9436,0
3909,-100,-3.5864,-1.0354,0
3830,-100,-9999,-9999,0
3768,-100,-4.0477,-1.3923,0
3580,-100,-9999,-9999,0
3410,-100,-9999,-9999,0
3366,-100,-4.2993,-9999,0
3222,-100,-3.5024,-0.41876,0
3087,-100,-3.1159,-0.75757,0
1.7099e+05,-1.8837,-2.5636,-0.71671,0
1.4098e+05,-2.1173,-2.2104,-0.6003,0
1.3244e+05,-1.6267,-2.2592,-0.59727,0
1.0636e+05,-2.0128,-2.7176,-0.96923,0
1.0412e+05,-2.0414,-2.7069,-0.77905,0
99050,-100,-2.6234,-0.92819,0
85633,-1.9243,-2.5369,-0.86081,0
46458,-1.6812,-2.6051,-0.89686,0
42065,-1.6721,-2.8859,-0.75623,0
40983,-100,-2.8348,-0.71873,0
38196,-100,-2.4663,-0.31442,0
34338,-100,-2.1255,-0.40474,0
31020,-1.1903,-3.2864,-0.82517,0
30521,-100,-2.8038,-1.0264,0
27120,-1.6435,-2.3313,-0.78325,0
26845,-100,-2.5896,-0.61659,0
21876,-100,-2.4913,-1.1146,0
21869,-100,-2.887,-1.1361,0
21726,-100,-3.2706,-0.7266,0
20771,-1.1139,-3.3417,-0.58486,0
19309,-0.60206,-3.0208,0.030654,0
19007,-100,-2.1344,-0.83738,0
17569,-1.3979,-3.1422,-0.46514,0
16891,-100,-3.027,-0.90666,0
16531,-100,-3.1846,-0.22149,0
16107,-1.1461,-3.3562,-0.050779,0
14823,-1.2304,-2.9611,-0.914,0
13685,-1.1761,-3.1025,-0.80797,0
13252,-0.74036,-2.4279,-0.22394,0
11907,-100,-3.0701,-0.75757,0
11019,-100,-3.107,-0.10596,0
9257,-100,-3.9608,-0.93966,0
7961,-100,-2.2896,-0.52066,0
7860,-100,-2.7488,-1.0797,0
6750,-0.65321,-2.8536,-0.65896,0
6401,-100,-3.5373,-0.87379,0
6329,-1.0414,-4.5735,0.14552,0
5893,-100,-2.419,-1.1164,0
5614,-100,-2.8316,-0.51454,0
5402,-100,-2.9865,-0.50916,0
5396,-100,-4.5045,-0.69958,0
5071,-100,-3.7786,-0.19691,0
4984,-100,-3.9929,-0.33161,0
4815,-100,-4.1543,-1.2524,0
4154,-100,-4.3915,-1.1767,0
3234,-0.77815,-2.6487,-0.033929,0
3225,-100,-2.9386,0.28382,0
3187,-100,-9999,-9999,0
3022,-100,-3.5538,-1.3936,0
3.6449e+05,-2.574,-2.6661,-0.74624,0
1.908e+05,-100,-2.5846,-0.39113,0
1.71e+05,-1.9165,-2.4618,-0.57629,0
1.3776e+05,-100,-2.4022,-0.57949,0
1.2288e+05,-1.7853,-2.321,-0.73002,0
1.2256e+05,-2.1173,-2.5844,-0.41085,0
1.034e+05,-1.752,-2.6097,-0.80528,0
1.0102e+05,-1.9823,-2.7897,-0.68058,0
89830,-100,-3.0158,-0.74686,0
88653,-1.9912,-2.3827,-0.70775,0
79403,-100,-2.6049,-0.87365,0
73185,-100,-2.5011,-0.76541,0
57765,-1.7324,-3.0688,-0.65651,0
51342,-1.6435,-2.6196,-0.77862,0
33257,-1.6721,-2.2152,0.59631,0
31328,-100,-2.9696,-0.68144,0
29143,-1.6628,-2.3066,-0.75783,0
28175,-100,-3.5063,-0.34531,0
25821,-100,-2.545,-0.93878,0
24140,-100,-2.9172,-0.73536,0
16229,-100,-3.102,0.048605,0
14591,-100,-2.0281,-1.0089,0
12202,-100,-2.6799,-0.88071,0
11513,-100,-2.5956,-0.52115,0
11493,-100,-3.4527,-0.94849,0
10104,-100,-2.4547,-0.64083,0
9128,-100,-3.6189,-0.69478,0
8976,-0.95424,-3.1574,-0.85683,0
8572,-100,-2.47,-0.5732,0
6210,-100,-2.4417,-0.72319,0
5047,-100,-3.3294,-0.41593,0
4876,-100,-3.5574,-0.030576,0
4800,-100,-2.6903,-0.86776,0
4499,-100,-9999,-9999,0
3994,-100,-3.0122,-0.24094,0
71176,-100,-2.5803,-0.92811,0
70330,-1.8062,-2.3953,-0.74382,0
50531,-1.6435,-2.3346,-0.53179,0
49882,-1.6128,-3.3091,-1.2398,0
45189,-100,-3.1222,-1.1488,0
38335,-100,-2.6434,-1.0929,0
37590,-100,-3.4842,-1.1367,0
36838,-100,-2.7837,-1.1571,0
35907,-100,-2.9932,-1.1258,0
35434,-100,-2.8348,-1.0618,0
33047,-100,-2.7824,-1.126,0
32211,-100,-2.9904,-0.89991,0
30228,-100,-2.8362,-1.0607,0
28647,-100,-2.5871,-0.90275,0
28162,-100,-2.5867,-1.0566,0
24540,-1.0969,-2.2636,-1.0488,0
23473,-100,-1.6349,-0.14411,0
23160,-100,-2.7206,-0.98216,0
20083,-100,-2.6861,-1.0848,0
19479,-1.3802,-2.8661,-1.1334,0
19420,-100,-2.4598,-0.81354,0
18894,-1.2553,-1.9426,-0.47819,0
18396,-100,-3.5601,-0.67622,0
18004,-100,-2.6737,-1.2242,0
17063,-100,-2.4506,-0.70372,0
16978,-100,-2.5874,-0.87647,0
16300,-100,-3.2771,-1.0254,0
16202,-100,-2.8002,-1.1461,0
15330,-100,-2.3195,-0.58817,0
15074,-100,-2.8269,-0.63912,0
14395,-100,-2.8479,-1.1858,0
13689,-100,-2.1061,-0.6879,0
12744,-100,-2.2525,-0.86726,0
12268,-100,-2.8484,-0.78859,0
12156,-100,-2.6783,-1.1001,0
12079,-100,-3.1141,-1.0399,0
12000,-100,-3.2389,-1.332,0
11884,-100,-2.5687,-1.0592,0
11774,-100,-3.2306,-1.0887,0
11457,-100,-3.9864,-1.4125,0
10940,-100,-3.0872,-1.1736,0
10437,-100,-1.6032,0.91171,0
10419,-100,-3.234,-1.0975,0
9090,-100,-3.6171,-1.575,0
8124,-100,-2.4151,-0.71636,0
7952,-100,-3.4177,-1.4148,0
7586,-100,-3.3972,-1.334,0
6470,-100,-2.4435,-0.46202,0
6456,-100,-2.2814,-0.41018,0
5151,-100,-3.1042,-1.1793,0
5074,-100,-4.1765,-1.6027,0
4620,-100,-3.233,-1.5143,0
4593,-100,-2.3411,-1.2708,0
4586,-100,-3.5888,-1.4108,0
4159,-100,-3.4884,-0.99672,0
3791,-100,-3.3098,-1.1767,0
3710,-100,-2.9439,-0.92489,0
3611,-100,-3.728,-1.0006,0
3530,-100,-3.7182,-1.6416,0
3471,-100,-4.3134,-1.6933,0
3297,-100,-3.9896,-1.3016,0
3203,-100,-2.8009,-1.0658,0
3136,-100,-9999,-9999,0
37230,-1.29,-2.3886,-0.98333,0
32789,-100,-3.0004,-0.99772,0
23358,-100,-2.5532,-1.2819,0
20202,-100,-2.5714,-0.9935,0
18044,-1.5315,-3.0288,-0.77251,0
16741,-100,-2.434,-1.1243,0
15120,-100,-2.0965,-0.81121,0
14359,-100,-2.8577,-1.2332,0
13436,-100,-2.4759,-1.2279,0
13156,-100,-2.4277,-1.2787,0
12591,-100,-3.3162,-1.2136,0
12007,-100,-2.9768,-0.8704,0
8979,-100,-2.0329,-0.72937,0
7801,-100,-2.6779,-1.1879,0
7175,-100,-2.3383,-1.1609,0
6916,-100,-2.3718,-1.3141,0
5840,-100,-2.5846,-1.0198,0
4870,-100,-2.9829,-1.1829,0
4829,-100,-2.0186,-0.77084,0
4189,-100,-3.0329,-0.98969,0
4085,-100,-2.6594,-1.0811,0
3900,-0.95424,-0.43432,1.1877,1
2.1001e+05,-2.3263,-2.771,-0.57755,0
1.6139e+05,-100,-2.7502,-0.73154,0
1.3567e+05,-100,-2.2255,-0.59091,0
1.0455e+05,-100,-2.6702,-0.32321,0
1.0352e+05,-1.7033,-2.3068,-0.75212,0
99515,-100,-2.6439,-0.84949,0
99006,-100,-2.4012,-0.55676,0
91351,-1.5643,-2.8428,-0.76251,0
79133,-100,-2.9059,-0.80128,0
73840,-1.8808,-2.717,-0.81789,0
66570,-100,-2.7354,-0.47902,0
62755,-1.7853,-2.5252,-0.97029,0
58240,-1.7559,-2.2576,-0.4335,0
51329,-100,-2.8962,-0.83972,0
43677,-1.3522,-2.9186,-0.78749,0
42413,-1.8129,-2.3519,0.44461,0
37330,-100,-2.386,-0.83374,0
35937,-100,-2.8934,-0.65871,0
35489,-1.29,-2.5401,-0.76688,0
32568,-1.6021,-2.9292,-0.1842,0
27952,-100,-2.5062,-0.84538,0
26434,-100,-2.9251,-0.19881,0
25673,-100,-3.0001,-0.94145,0
22581,-1.0607,-2.6822,-0.1979,0
20599,-1.3222,-2.2363,-0.35412,0
20396,-100,-2.4821,-0.59524,0
20273,-100,-2.0153,-0.97396,0
17550,-100,-2.6457,-0.84571,0
14082,-100,-3.5989,-0.11205,0
13455,-1.1461,-3.1232,0.84449,0
10996,-100,-2.151,-0.78446,0
10764,-100,-2.2654,-0.86306,0
9433,-100,-3.2847,-0.80371,0
8703,-100,-3.1936,-0.63264,0
8078,-100,-2.242,-1.0687,0
7523,-100,-4.0467,0.74758,0
7407,-100,-2.4016,-0.43479,0
5996,-100,-2.7579,-0.94575,0
5010,-100,-3.2682,-0.98078,0
4151,-100,-2.2507,-0.75402,0
4038,-0.60206,-3.1745,-1.1728,0
3991,-100,-3.7715,-0.33161,0
3916,-100,-3.0643,-0.14452,0
3874,-100,-4.0595,-1.1555,0
3485,-100,-2.6812,-0.95341,0
3185,-0.95424,-0.77879,1.4962,0
3180,-100,-3.0196,-0.40539,0
3040,-100,-3.1414,-0.74054,0
3005,-0.17609,-3.4722,-0.28045,1
3002,-100,-2.3926,-0.038545,0
29766,-1.4314,-2.0836,-0.52564,0
23078,-1.3222,-2.2078,-1.17,0
19264,-100,-2.1957,-0.83468,0
14991,-1.3979,-3.0138,-1.1178,0
14657,-100,-2.9517,-1.2919,0
14276,-100,-3.008,-1.1919,0
12530,-100,-3.3653,-1.3876,0
12419,-100,-2.6819,-1.2992,0
10793,-100,-3.0348,-1.4986,0
10118,-100,-2.4595,-1.2973,0
9060,-100,-3.2525,-1.3144,0
7001,-100,-3.0736,-1.9162,0
6776,-100,-1.6091,-0.35363,0
6744,-100,-3.6472,-1.0821,0
6740,-0.95424,-2.8377,-1.224,0
5828,-100,-2.1281,-1.154,0
5170,-100,-9999,-9999,0
4717,-100,-3.0312,-1.4343,0
4437,-100,-3.5745,-1.8067,0
3940,-100,-4.3675,-1.8087,0
6.8403e+05,-2.1973,-2.691,-0.8493,0
3.7126e+05,-2.1973,-2.7548,-0.76085,0
2.8021e+05,-2.1072,-2.8643,-0.90304,0
1.8302e+05,-1.9566,-2.7645,-1.0043,0
77690,-1.5623,-2.3526,-0.53597,0
74943,-100,-2.6722,-0.85974,0
52249,-100,-3.4949,-1.0865,0
48021,-100,-2.9474,-0.84088,0
40515,-1.6128,-2.3564,-0.82337,0
37980,-1.6232,-2.9304,-0.78021,0
21495,-100,-2.6248,-0.89835,0
11006,-100,-3.212,-0.94878,0
5722,-100,-3.5758,-1.2805,0
5589,-100,-2.8571,-1.0915,0
5402,-100,-1.832,-0.47194,0
3604,-100,-3.1251,-0.68379,0
3477,-100,-3.5355,-1.3412,0
20264,-100,-2.8751,-1.0218,0
10609,-100,-2.7412,-0.76793,0
95967,-1.2253,-2.6437,-0.81215,0
37337,-100,-2.7741,-1.0607,0
46845,-100,-3.0684,-0.9656,0
39450,-100,-2.822,-0.70986,0
49331,-100,-2.4851,-0.88454,0
5.4938e+05,-2.3701,-2.5577,-0.70532,0
1.0218e+05,-100,-2.4476,-0.69722,0
1.8236e+05,-2.2455,-2.4429,-0.8301,0
19545,-100,-1.9486,-0.27635,0
4403,-100,-3.0738,-0.96538,0
27722,-100,-3.0031,-0.97534,0
90516,-100,-2.7176,-0.9901,0
22415,-100,-3.1274,-0.89548,0
74524,-100,-2.7401,-0.91591,0
68243,-1.7559,-2.8162,-0.63158,0
24522,-100,-2.5938,-0.91904,0
23313,-100,-2.839,-0.74126,0
22843,-1.3802,-3.2336,-0.44116,0
50674,-100,-3.452,-1.2866,0
3883,-100,-4.3615,-1.7178,0
5469,-100,-9999,-9999,0
5532,-100,-9999,-9999,0
11758,-100,-3.5418,-1.4483,0
3062,-100,-2.4731,-0.037638,0
37125,-100,-2.9637,-0.96039,0
3199,-100,-3.3232,-1.1767,0
3984,-100,-3.1687,-1.1702,0
33812,-100,-3.1432,-0.9991,0
3792,-100,-3.4483,-1.0785,0
14818,-1.2304,-4.6421,-0.45654,0
3057,-100,-3.0817,-0.9662,0
49496,-1.5563,-2.762,-0.89094,0
3077,-100,-9999,-9999,0
67920,-100,-2.7185,-0.98325,0
3488,-100,-2.5669,-0.90975,0
1.3182e+05,-100,-2.8348,-1.0704,0
71784,-1.4698,-2.9583,-1.0778,0
1.022e+05,-1.8573,-2.8525,-1.1275,0
2.5952e+05,-1.8731,-2.9774,-0.96768,0
1.0618e+05,-100,-3.097,-1.1423,0
35016,-100,-3.3345,-1.2705,0
57451,-100,-2.4454,-0.65439,0
97694,-1.9731,-2.7424,-1.0666,0
33661,-1.1614,-3.3502,-1.1958,0
17006,-100,-4.7011,-2.0504,0
3991,-100,-3.0311,-0.83221,0
9801,-100,-3.6846,-1.0631,0
3308,-100,-9999,-9999,0
3803,-100,-3.3526,-1.4285,0
1.0582e+05,-1.699,-3.052,-0.81089,0
3227,-100,-3.4362,-0.78754,0
77037,-1.6902,-3.0571,-1.2244,0
95542,-100,-3.2049,-0.99504,0
20785,-1.3424,-2.5744,-1.1675,0
53339,-1.2472,-2.8265,-0.86899,0
58460,-100,-2.8881,-0.99623,0
15152,-100,-3.3402,-0.98756,0
16472,-100,-3.4329,-1.0954,0
1.0822e+05,-100,-2.9417,-1.0546,0
15826,-100,-3.091,-1.1927,0
16649,-100,-3.4887,-1.4854,0
96739,-100,-2.494,-0.74982,0
4533,-100,-3.1066,-1.1757,0
58055,-100,-2.5988,-1.0428,0
20888,-100,-1.641,-0.20015,0
7113,-100,-4.1475,-1.4812,0
3284,-100,-2.2133,-1.3877,0
76318,-100,-2.8578,-1.0225,0
23893,-100,-3.3446,-1.074,0
38926,-100,-2.7829,-1.1891,0
33819,-100,-2.5037,-1.3035,0
35213,-100,-3.3649,-0.92432,0
